id,Месяц,Размер отпуска,Заявка
4765,2,66,0
4765,4,50,0
4765,11,60,0
4898,2,61,0
4898,5,44,1
4898,8,36,0
4898,12,36,1
10282,2,68,1
10282,5,61,0
10282,12,36,0
10287,2,41,0
10287,9,36,0
10287,11,36,0
10394,3,40,0
10394,5,50,1
10394,7,36,0
10394,9,36,1
10508,3,39,0
10508,5,52,0
10508,9,36,0
11092,2,71,0
11092,4,36,0
11092,6,36,0
11501,1,63,0
11501,3,67,0
11501,11,40,0
11507,6,36,0
11507,10,46,0
11512,1,50,0
11512,4,50,0
11512,9,36,0
11516,1,44,0
11516,10,44,0
11517,2,45,1
11517,7,36,0
11517,12,36,0
11518,2,64,1
11518,5,63,1
11518,9,36,0
11519,2,49,0
11519,7,36,0
11519,9,36,0
11519,12,36,0
11529,3,63,0
11529,5,40,0
11529,7,36,1
11529,9,36,0
11531,2,58,0
11531,5,67,1
11531,10,57,0
11536,2,69,0
11536,4,71,0
11536,6,36,0
11551,5,39,0
11551,10,61,0
11551,12,36,0
11569,1,65,0
11569,5,54,0
11569,9,36,0
11581,4,38,0
11581,8,36,0
11581,10,72,0
11581,12,36,0
11584,2,41,0
11584,5,49,0
11584,7,36,0
11595,1,73,1
11595,4,73,0
11595,8,36,0
11597,2,69,0
11597,4,54,0
11597,6,36,0
11599,3,41,0
11599,5,39,0
11599,8,36,0
11599,10,54,0
11602,2,69,0
11602,5,41,0
11602,8,36,0
11606,1,38,1
11606,5,47,0
11606,9,36,0
11606,11,62,0
11607,3,68,0
11607,5,36,0
11607,11,38,0
11611,4,68,1
11611,8,36,1
11611,10,42,0
11611,12,36,0
11615,1,64,0
11615,4,37,0
11615,10,61,0
11624,7,36,0
11624,11,44,0
11631,1,67,0
11631,5,73,0
11631,8,36,0
11633,2,73,1
11633,5,64,1
11633,7,36,1
11639,2,55,1
11639,10,44,0
11657,2,2,0
11657,3,47,0
11657,8,36,0
11657,12,36,0
11668,2,55,1
11668,4,52,0
11668,9,36,1
11668,12,36,0
11673,2,42,1
11673,4,64,1
11673,6,36,0
11673,12,36,0
11695,1,50,0
11695,5,71,0
11695,10,44,0
11703,5,72,0
11703,11,69,0
11714,2,62,0
11714,5,48,0
11714,7,36,0
11714,12,36,0
11715,1,58,0
11715,5,41,0
11719,2,42,1
11719,4,61,0
11719,8,36,0
11722,1,55,1
11722,4,50,1
11722,10,56,0
11725,2,42,1
11725,4,60,0
11725,8,36,0
11725,12,36,0
11726,1,47,0
11726,8,36,0
11726,10,37,0
11728,3,68,0
11728,8,36,0
11728,10,65,0
11736,2,50,0
11736,5,59,0
11736,7,36,0
11736,9,36,0
11737,5,72,1
11737,10,50,0
11754,2,57,0
11754,4,36,0
11754,8,36,0
11754,12,36,0
11771,2,72,0
11771,5,63,0
11771,10,36,0
11798,1,45,0
11798,3,58,0
11798,7,36,0
11798,9,36,0
11811,2,72,0
11811,4,48,0
11811,6,36,0
11814,1,66,0
11814,8,36,0
11819,3,43,0
11819,5,62,0
11819,7,36,0
11819,11,36,0
11820,1,40,0
11820,3,52,0
11820,7,36,0
11820,9,36,0
11823,2,38,0
11823,5,50,1
11823,12,36,0
11826,4,38,0
11826,6,36,0
11826,8,36,0
11826,11,72,0
11827,3,48,0
11827,7,36,0
11827,9,36,0
11827,12,36,0
11832,2,52,0
11832,4,37,0
11832,6,36,0
11832,10,52,0
11833,10,60,0
11833,12,36,0
11835,2,62,1
11835,9,36,1
11835,11,43,0
11837,2,43,0
11837,4,39,0
11837,9,36,0
11837,11,42,0
11838,2,70,1
11838,5,64,0
11838,11,39,0
11841,3,69,0
11841,5,53,0
11841,8,36,0
11842,2,47,0
11842,6,36,0
11842,8,36,0
11842,10,47,0
11845,2,54,0
11845,8,36,0
11845,11,46,0
11852,4,46,1
11852,9,36,0
11852,11,36,0
11855,2,50,0
11855,6,36,0
11855,11,46,0
11856,2,47,0
11856,6,36,0
11856,10,61,0
11859,1,48,0
11859,3,52,0
11859,5,70,0
11860,1,59,0
11860,4,62,0
11860,7,36,0
11863,2,45,0
11863,9,36,0
11863,11,47,1
11868,10,45,0
11868,12,36,0
11871,1,64,0
11871,3,55,1
11871,5,47,0
11875,1,48,0
11875,4,67,1
11875,6,36,0
11876,1,55,0
11876,5,42,0
11876,9,36,1
11882,2,56,1
11882,5,70,1
11882,9,36,0
11885,11,36,0
11887,1,66,0
11887,10,52,1
12103,2,44,0
12103,5,53,0
12103,7,36,0
12103,10,44,0
12130,1,69,1
12130,3,72,1
12130,6,36,0
12141,1,70,0
12141,4,69,0
12141,8,36,0
12163,5,49,0
12163,11,67,0
12181,1,64,0
12181,3,50,0
12181,11,59,0
12203,3,46,0
12203,5,53,0
12203,7,36,1
12203,9,36,1
12209,4,64,0
12209,7,36,0
12209,10,50,0
12222,2,50,1
12222,4,36,1
12222,8,36,0
12222,11,45,0
12223,1,41,0
12223,8,36,1
12223,11,43,1
12225,1,66,0
12225,11,57,0
12239,2,47,0
12239,5,66,0
12239,10,53,0
12257,2,57,1
12257,5,46,1
12257,8,36,0
12257,10,39,0
12277,8,36,0
12277,11,68,0
12314,2,36,0
12314,4,65,0
12314,9,36,0
12314,12,36,0
12321,2,52,0
12321,4,62,0
12321,9,36,0
12339,1,70,0
12339,3,69,0
12342,1,44,1
12342,3,63,0
12342,5,58,0
12409,1,50,0
12409,5,57,0
12451,5,66,0
12451,9,36,0
12451,11,36,0
12458,1,63,1
12458,3,62,0
12458,10,45,1
12487,2,70,0
12487,5,51,1
12487,10,45,1
12493,2,71,0
12493,5,49,0
12493,7,36,0
12500,2,70,0
12500,9,36,0
12500,11,66,0
12503,1,36,0
12503,5,72,1
12503,7,36,0
12505,3,68,0
12505,10,48,0
12505,12,36,0
12509,1,65,0
12509,7,36,0
12509,9,36,0
12510,3,57,0
12510,5,63,0
12510,11,60,0
12532,1,72,0
12532,3,71,0
12532,8,36,0
12541,1,47,0
12541,5,39,1
12541,8,36,0
12541,11,38,1
12543,1,68,0
12543,3,46,0
12543,5,42,0
12563,2,44,0
12563,4,54,0
12563,6,36,0
12563,9,36,0
12564,1,46,0
12564,5,60,0
12564,8,36,0
12607,3,73,0
12607,5,39,0
12607,8,36,0
12607,12,36,0
12627,1,57,0
12627,5,54,0
12627,8,36,0
12676,1,49,0
12676,4,37,0
12848,2,38,0
12848,9,36,0
12853,2,60,0
12853,9,36,0
12905,3,42,0
12905,5,37,0
12905,9,36,0
12905,11,53,0
12935,1,47,0
12935,3,48,1
12935,5,54,0
15000,2,51,0
15000,4,46,0
15000,11,53,0
15120,2,73,0
15120,6,36,0
15120,9,36,0
15137,2,45,0
15137,7,36,0
15137,10,69,0
15164,5,44,0
15164,7,36,0
15164,9,36,0
15164,11,59,0
15194,6,36,0
15194,8,36,1
15194,11,46,1
15195,3,59,0
15195,5,65,1
15195,7,36,0
15210,1,63,0
15210,9,36,0
15210,11,45,0
15222,2,47,0
15222,5,43,0
15222,10,59,0
15230,1,41,0
15230,3,56,0
15230,11,63,0
15232,1,69,0
15232,5,52,0
15232,10,61,0
15300,8,36,0
15300,10,58,0
15300,12,36,0
15303,5,39,0
15303,10,44,0
15314,1,46,0
15314,3,50,0
15314,9,36,0
15316,5,39,0
15316,10,48,0
15316,12,36,0
15319,2,67,0
15319,4,44,0
15319,6,36,0
15319,11,37,0
15321,2,39,0
15321,4,63,0
15321,6,36,0
15321,8,36,0
15329,3,39,0
15329,5,54,0
15329,8,36,0
15329,10,38,0
15334,3,69,0
15334,5,48,0
15334,10,42,0
15340,1,50,0
15340,5,45,0
15340,9,36,0
15349,9,36,0
15349,11,42,0
15350,3,47,0
15350,9,36,0
15350,11,44,0
15363,1,38,0
15363,3,59,0
15363,6,36,0
15365,3,37,0
34830,2,62,0
34830,5,51,0
34830,10,46,0
47291,1,66,0
47291,3,68,0
47291,11,41,1
47709,2,58,0
47709,4,36,0
47709,6,36,0
47709,9,36,0
85149,2,62,0
85149,7,36,1
85149,10,69,1
85159,2,58,1
85159,4,39,0
85159,6,36,0
85159,11,36,1
85161,2,61,0
85161,4,64,0
85199,5,72,0
85199,7,36,0
85199,9,36,0
85199,12,36,0
85201,3,38,0
85201,5,63,0
85201,7,36,0
85201,11,39,0
85205,1,37,0
85205,3,45,0
85205,6,36,0
85205,9,36,0
85371,2,50,0
85371,4,57,1
85371,6,36,1
85371,12,36,0
85372,4,62,0
85372,6,36,0
85372,8,36,0
85372,10,50,0
85410,2,57,1
85410,11,61,0
85418,2,40,1
85418,4,43,0
85418,7,36,1
85438,1,72,0
85438,3,46,0
85438,5,54,0
85461,3,56,0
85461,6,36,0
85461,11,42,0
85472,2,51,0
85472,5,49,0
85472,8,36,0
85558,1,38,0
85558,5,64,0
85558,9,36,0
85584,4,40,1
85584,8,36,0
85584,10,47,0
85589,5,64,0
85589,9,36,0
85589,11,45,0
85637,1,37,0
85637,6,36,0
85637,10,40,0
86216,1,44,0
86216,5,71,0
86216,8,36,0
86452,2,70,0
86452,11,44,0
86456,1,72,1
86456,5,51,1
86456,10,37,0
86461,5,47,0
86461,11,60,0
86473,1,37,0
86473,3,56,0
86473,5,57,0
86512,3,48,0
86512,6,36,0
86512,9,36,0
86520,7,36,0
86520,11,60,0
86662,2,50,1
86662,10,69,1
86723,2,42,0
86723,5,66,0
86723,7,36,0
86723,11,39,0
86757,2,52,0
86757,7,36,0
86757,9,36,0
86757,12,36,0
86766,1,69,1
86766,3,56,0
86766,7,36,0
86784,1,65,0
86784,3,42,0
86784,6,36,0
86784,9,36,0
86785,2,38,1
86785,4,68,0
86785,6,36,1
86785,12,36,0
86787,2,45,0
86787,4,65,0
86787,7,36,0
86791,2,38,0
86791,7,36,0
86791,9,36,0
86791,12,36,0
86824,1,39,0
86824,3,41,0
86824,5,44,0
86824,10,54,0
86825,4,58,1
86825,9,36,0
86825,11,58,0
86826,2,58,1
86826,4,43,0
86826,10,58,1
86831,2,46,0
86831,5,61,0
86831,9,36,0
86831,11,37,0
86848,1,46,0
86848,7,36,0
86848,11,73,0
86850,1,54,0
86850,4,64,0
86850,9,36,0
86929,1,67,0
86929,4,43,0
86929,7,36,1
86968,2,43,1
86968,6,36,1
86968,11,58,0
87002,2,40,0
87002,5,50,1
87002,7,36,0
87002,10,51,1
87026,4,53,0
87026,6,36,0
87026,8,36,0
87026,10,47,0
87086,1,52,0
87086,3,70,0
87086,6,36,0
87087,2,55,0
87087,5,69,0
87087,7,36,0
87160,2,63,0
87160,4,49,0
87160,6,36,0
87160,12,36,0
87295,5,61,0
87295,7,36,0
87295,9,36,0
87295,11,47,0
87298,2,62,1
87298,5,40,0
87298,8,36,0
87298,12,36,0
87301,1,59,0
87301,4,50,0
87301,11,72,0
87303,2,39,0
87303,5,59,0
87303,8,36,0
87303,11,40,0
87451,2,46,1
87451,5,36,1
87451,7,36,0
87452,3,65,1
87452,6,36,1
87452,11,37,0
87713,1,49,0
87713,10,41,0
87730,2,73,0
87730,4,40,0
87730,9,36,0
87733,4,48,0
87733,10,58,0
87734,2,72,0
87734,5,44,0
87734,7,36,0
87736,2,40,0
87736,5,57,0
87736,7,36,0
87736,11,51,0
87745,2,53,0
87745,5,57,1
87745,11,59,1
87753,2,51,0
87753,5,40,0
87753,8,36,0
87753,11,55,0
87758,1,49,0
87758,3,38,0
87758,5,59,0
87758,8,36,0
87765,2,59,0
87765,11,45,0
87766,2,71,0
87766,5,36,0
87766,9,36,0
87785,2,60,1
87785,4,45,0
87785,9,36,0
87785,12,36,0
87787,3,73,1
87787,5,65,0
87787,7,36,0
87817,1,46,0
87817,5,43,1
87817,11,56,0
87818,5,66,1
87818,8,36,0
87818,10,38,0
87819,1,51,0
87819,6,36,0
87819,10,41,1
87894,1,64,1
87894,4,72,0
87894,6,36,0
87895,2,37,1
87895,5,49,0
87895,8,36,0
87895,10,36,0
87896,3,60,0
87896,5,53,0
87896,8,36,0
87897,5,64,0
87897,9,36,0
87897,12,36,0
88006,2,62,0
88006,5,43,0
88006,10,64,0
88030,1,53,1
88030,4,41,1
88030,6,36,1
88030,8,36,0
88057,1,41,1
88057,5,70,0
88057,10,38,0
88295,5,47,0
88295,9,36,0
88295,11,68,1
88546,2,43,0
88546,4,53,0
88546,8,36,0
88789,1,66,1
88789,11,45,0
88792,9,36,0
88792,12,36,1
88844,3,50,0
88844,9,36,0
88844,12,36,0
88845,1,63,0
88845,3,58,0
88845,8,36,0
88846,2,72,0
88846,12,36,1
88875,2,52,0
88875,4,47,0
88875,9,36,0
88875,11,40,0
88876,1,72,0
88876,3,65,0
88876,7,36,0
88879,2,64,0
88879,4,65,1
88879,6,36,0
88898,1,66,0
88898,5,67,1
88898,9,36,0
88901,9,36,0
88901,11,43,0
88903,1,52,0
88903,5,36,0
88903,8,36,0
88937,1,43,0
88937,3,57,0
88937,5,61,0
89615,1,65,0
89615,4,41,0
89615,9,36,0
89617,4,73,0
89617,6,36,0
89617,11,36,0
89620,2,40,1
89620,4,38,0
89620,9,36,0
89620,12,36,0
89622,2,45,0
89622,8,36,0
89622,10,66,0
90389,2,63,1
90389,5,54,0
90451,1,52,0
90451,5,38,0
90673,1,38,0
90673,4,36,0
90673,10,54,0
91826,3,56,0
91826,9,36,0
91827,2,47,0
91827,6,36,0
91827,11,42,0
91829,5,59,0
91829,12,36,0
91833,3,66,0
91833,4,1,0
91833,9,36,0
91833,12,36,0
91835,2,70,0
91835,5,56,0
91835,7,36,0
91836,2,61,1
91836,10,36,0
91836,12,36,0
91837,2,41,0
91837,6,36,1
91837,8,36,0
91837,11,55,0
91871,3,65,1
91871,5,71,1
91871,9,36,0
91872,1,71,0
91872,6,36,0
91872,9,36,0
91874,1,48,1
91874,5,48,1
91874,8,36,1
91874,11,41,0
91875,1,46,0
91875,3,48,0
91875,5,46,0
91875,10,42,0
91901,1,45,0
91901,3,65,0
91901,5,57,0
91902,1,44,0
91902,3,59,0
91902,5,64,0
92155,1,47,0
92155,4,54,0
92155,7,36,0
92155,10,46,0
92158,1,39,0
92158,4,62,1
92158,10,62,0
92164,7,36,0
92164,9,36,0
92164,11,45,0
92165,2,63,0
92165,5,57,0
92165,10,51,1
92166,7,36,0
92166,10,71,0
92166,12,36,0
92167,2,59,0
92167,5,54,0
92167,8,36,0
92170,2,59,0
92170,4,66,0
92170,12,36,0
92175,2,63,0
92175,6,36,0
92175,8,36,0
92175,10,38,0
92177,2,54,0
92177,4,38,1
92177,5,5,1
92177,8,36,0
92177,10,40,1
92180,2,54,1
92180,5,68,0
92180,9,36,1
92181,1,50,0
92181,5,66,1
92181,9,36,0
92183,4,52,0
92183,7,36,1
92183,11,40,0
92184,3,56,1
92184,5,71,1
92184,7,36,0
92191,1,68,0
92191,3,58,0
92191,7,36,0
92194,1,48,0
92194,4,56,0
92194,9,36,0
92195,2,56,0
92195,4,41,0
92195,7,36,0
92195,11,36,1
92477,1,69,0
92477,3,73,0
92479,2,70,0
92479,4,49,0
92479,6,36,0
92480,7,36,1
92480,10,64,1
92480,12,36,0
92490,1,65,0
92490,4,64,0
92490,6,36,0
92502,2,54,0
92502,4,48,0
92502,7,36,0
92502,11,39,0
92504,1,51,0
92504,3,39,0
92504,5,45,0
92504,11,46,0
92519,2,70,0
92519,10,63,0
92519,12,36,0
92525,1,37,0
92525,3,60,0
92525,5,37,0
92525,7,36,0
92531,2,55,0
92531,8,36,0
92531,10,57,0
92531,12,36,0
92539,1,55,0
92539,3,62,0
92539,7,36,1
93236,5,37,0
93236,7,36,0
93236,9,36,0
93236,11,45,0
93280,2,52,0
93280,4,66,0
93280,9,36,0
93282,4,62,0
93282,6,36,0
93282,11,46,0
93289,1,57,0
93289,4,51,0
93289,9,36,0
93402,3,58,0
93402,5,37,0
93402,9,36,0
93402,11,44,0
93410,2,53,0
93410,4,64,0
93410,7,36,0
93442,2,46,1
93442,4,56,0
93442,9,36,1
93442,12,36,1
93499,2,64,0
93499,4,72,1
93499,12,36,1
93615,7,36,0
93615,9,36,1
93622,2,58,0
93622,5,73,1
93622,7,36,0
93627,2,58,0
93627,8,36,0
93627,10,52,0
93627,12,36,0
93628,5,55,0
93628,10,53,0
93628,12,36,0
93630,1,42,0
93630,3,59,0
93630,5,42,0
93630,9,36,0
93679,4,44,1
93679,11,69,0
93891,4,40,1
93891,8,36,0
93891,10,51,0
93898,2,67,1
93898,4,41,1
93898,10,42,1
93900,1,67,0
93900,5,60,0
93905,3,52,0
93905,5,57,0
93905,12,36,0
93911,2,66,0
93911,7,36,0
93911,11,64,0
93940,2,72,1
93940,7,36,0
94032,1,51,0
94032,4,56,0
94032,6,36,0
94117,3,39,1
94117,5,46,1
94117,9,36,0
94117,11,51,0
94141,1,63,0
94141,7,36,0
94141,11,36,0
94148,2,40,0
94148,5,73,0
94148,7,36,1
94151,2,65,0
94151,6,36,0
94151,11,71,0
94152,1,44,1
94152,4,57,0
94152,8,36,1
94152,10,47,1
94334,2,50,0
94334,4,42,0
94334,8,36,0
94334,10,40,0
94336,2,61,0
94336,4,36,0
94336,11,42,0
94354,1,70,0
94354,6,36,0
94354,10,62,0
94357,3,41,1
94357,5,56,1
94357,9,36,0
94357,12,36,0
94731,1,44,0
94731,5,57,0
94731,8,36,0
94731,11,38,0
94740,1,70,0
94740,3,63,0
94740,5,50,0
94748,2,66,0
94748,5,55,0
94748,9,36,0
94751,4,53,0
94751,6,36,0
94751,11,37,0
94766,1,44,0
94766,3,56,0
94766,5,43,1
94884,1,51,0
94884,4,57,0
94884,9,36,0
94886,5,60,0
94886,8,36,0
94886,12,36,0
94896,2,60,0
94896,6,30,0
94896,7,6,0
94896,10,72,0
94898,2,45,0
94898,8,36,0
94898,11,47,0
94899,2,47,0
94899,4,64,0
94899,6,36,0
94900,2,59,0
94900,5,56,0
94900,8,36,1
94943,1,39,0
94943,3,40,0
94943,5,72,0
94948,2,42,0
94948,6,36,0
94948,9,36,1
94948,12,36,1
94950,4,65,0
94950,6,36,0
94950,10,39,0
94950,12,36,0
94978,3,73,0
94978,8,36,0
94978,11,39,0
95019,2,44,1
95019,5,44,1
95019,8,36,0
95019,11,37,0
95020,2,49,1
95020,6,36,0
95020,9,36,1
95020,12,36,1
95021,2,54,1
95021,6,36,0
95103,2,54,0
95103,5,44,0
95103,10,69,0
95185,2,42,0
95185,5,68,0
95185,10,60,0
95186,5,37,0
95186,8,36,0
95186,11,37,0
95188,1,68,0
95188,7,36,0
95188,9,19,0
95188,10,17,1
95189,2,61,0
95189,10,68,0
95190,1,44,0
95190,3,59,0
95190,5,56,0
95191,3,38,1
95191,10,43,0
95193,4,69,0
95193,10,36,0
95194,3,57,0
95194,5,61,1
95194,11,49,0
95422,1,56,0
95422,5,51,0
95422,9,36,0
95422,11,40,0
95425,2,42,1
95425,4,50,0
95425,11,73,0
95426,1,43,0
95426,4,57,0
95426,8,36,1
95426,11,46,0
95430,1,41,0
95430,10,44,0
95431,1,58,0
95431,5,56,0
95431,7,36,1
95434,4,51,1
95434,7,36,0
95434,10,70,0
95437,2,38,0
95437,5,69,0
95437,12,36,0
95438,4,58,0
95438,6,36,1
95438,10,56,1
95440,2,44,0
95440,4,48,0
95440,6,36,0
95440,9,36,0
95745,2,62,0
95745,5,52,0
95745,10,36,0
95746,9,36,0
95747,3,63,0
95747,5,60,0
95747,9,36,0
95750,1,72,0
95750,7,36,0
95750,9,36,0
95751,2,68,0
95751,9,36,0
95752,2,52,1
95752,5,52,1
95752,9,36,0
95752,12,36,0
95753,2,44,0
95753,6,36,0
95753,12,36,0
96362,5,69,0
96362,10,42,0
96362,12,36,0
96364,2,47,0
96364,4,53,0
96364,6,36,0
96364,12,36,0
96366,2,49,0
96366,4,68,0
96366,6,36,0
96367,3,44,0
96367,5,57,1
96367,8,36,0
96367,10,39,1
96368,2,59,0
96368,5,68,0
96368,7,36,0
96387,1,56,0
96387,9,36,1
96387,11,56,0
96501,2,46,0
96501,5,61,0
96501,10,65,0
96654,2,43,0
96654,5,62,0
96654,7,36,0
96654,9,36,0
96803,2,52,0
96803,5,66,0
96803,8,36,0
96813,1,69,1
96813,3,47,0
96813,5,65,0
96814,3,71,0
96814,5,69,0
96814,8,36,0
96834,1,72,0
96834,5,37,1
96834,7,36,0
97259,1,63,1
97259,4,51,1
97259,10,66,1
97260,1,38,0
97260,5,36,0
97260,7,36,0
97260,9,36,0
97264,2,72,0
97264,5,43,0
97264,8,36,0
97268,2,60,0
97268,6,36,0
97268,10,63,0
97269,5,44,0
97269,8,36,0
97269,10,37,0
97269,12,36,0
97270,1,45,1
97270,3,53,0
97270,7,36,0
97270,9,36,0
97448,2,37,0
97448,4,45,0
97448,10,48,0
97449,2,38,1
97449,6,36,0
97449,8,36,1
97449,11,69,0
97451,2,45,1
97451,4,47,1
97451,12,36,1
97468,3,56,0
97468,8,36,0
97468,10,52,0
97468,12,36,0
97471,6,36,0
97471,9,36,0
97471,11,39,0
97488,2,69,0
97488,8,36,0
97488,10,46,0
97550,2,43,0
97550,10,61,0
97551,2,41,0
97551,4,38,0
97551,6,36,0
97551,10,43,0
97554,1,67,0
97554,5,62,1
97554,8,36,1
97555,1,67,0
97555,9,36,0
97555,11,60,0
97559,1,58,0
97559,3,63,0
97559,5,53,0
97561,5,63,0
97561,8,36,0
97561,10,24,0
97561,11,26,0
97607,1,36,0
97607,6,36,0
97607,10,45,1
97728,7,36,0
97728,9,36,0
97728,11,51,0
97893,4,67,0
97893,7,36,0
97893,10,67,0
97894,3,55,0
97894,5,47,0
97894,9,36,0
97894,11,46,0
97896,2,61,0
97896,5,50,0
97896,7,36,0
97896,12,36,0
97901,2,41,0
97901,9,36,1
97921,2,37,0
97921,7,36,0
97921,9,36,0
97921,11,41,0
97952,1,51,1
97952,3,37,0
97952,5,52,1
97952,8,36,0
98191,5,40,0
98191,7,36,0
98191,10,70,0
98191,12,36,0
98196,2,47,0
98196,6,36,0
98196,8,36,0
98196,10,48,0
98199,8,36,0
98199,10,54,0
98199,12,36,0
98286,2,72,1
98286,5,49,1
98286,8,36,0
99086,1,69,0
99086,11,65,0
99088,2,39,0
99088,7,36,0
99088,9,36,0
99092,12,36,0
99093,5,41,0
99093,9,36,0
99093,11,58,1
99165,2,63,1
99165,5,63,0
99165,10,41,0
99414,3,63,0
99414,6,36,0
99414,9,36,0
99445,3,56,0
99445,7,36,0
99445,9,36,0
99445,11,48,0
99446,1,65,0
99446,3,65,0
99446,9,36,0
99450,1,26,0
99450,2,36,0
99450,4,62,0
99450,8,36,0
99452,3,70,0
99452,5,60,0
99452,7,36,1
99453,1,52,0
99453,3,51,0
99453,8,36,0
99454,2,50,0
99454,5,57,0
99454,8,36,0
99454,11,37,0
99455,4,48,0
99455,7,36,0
99455,9,36,0
99474,1,58,1
99474,4,57,0
99474,6,36,1
99480,2,38,0
99480,8,36,0
99480,10,38,0
99486,3,37,0
99486,5,63,1
99486,8,36,0
99486,11,37,0
99559,2,72,0
99559,4,54,1
99559,8,17,0
99559,9,19,0
99569,2,61,0
99569,4,71,0
99569,8,36,0
99581,2,39,1
99581,6,36,1
99581,11,56,0
99599,1,63,1
99599,3,52,0
99599,5,68,0
99600,9,36,0
99600,11,67,0
99651,1,62,0
99651,5,36,0
99651,9,36,0
99652,1,73,0
99652,3,71,0
99652,9,36,0
99653,3,68,0
99653,12,36,1
99654,3,72,0
99654,5,63,0
99654,9,36,0
99655,2,62,0
99655,5,41,1
99655,7,36,0
99671,2,63,0
99671,5,43,0
99671,7,1,0
99671,8,35,0
99673,2,58,1
99673,5,69,1
99673,11,42,1
99674,1,38,1
99674,5,52,0
99674,9,36,0
99702,2,42,0
99702,5,69,0
99702,7,36,0
99702,12,36,0
99925,2,59,0
99925,5,44,0
99925,11,66,0
99927,3,36,0
99927,6,36,0
99927,10,73,0
99927,12,36,0
99928,2,69,0
99928,4,36,0
99928,8,36,0
99928,11,39,0
99929,1,64,0
99929,3,49,0
99929,8,36,0
99930,2,70,0
99930,8,36,0
99930,12,36,0
100000,3,43,0
100000,5,46,0
100000,10,48,0
100000,12,36,0
100038,2,72,0
100038,4,69,0
100038,9,36,0
100071,3,67,0
100071,5,58,0
100071,7,36,0
100075,1,57,0
100075,4,68,0
100075,6,36,0
100076,2,68,1
100076,4,69,1
100076,7,36,1
100156,3,48,0
100156,6,36,0
100162,2,56,0
100162,5,58,0
100162,8,36,0
100176,1,45,0
100176,3,55,0
100176,6,36,0
100176,9,36,0
100271,3,51,0
100271,5,59,0
100271,7,36,0
100271,12,36,0
100342,3,62,0
100342,5,64,0
100342,12,36,0
100343,1,71,0
100343,4,40,0
100343,6,36,0
100343,8,36,0
100344,2,45,0
100344,5,53,1
100344,7,36,0
100344,9,36,0
100345,2,72,0
100345,4,63,0
100345,9,36,0
100355,4,70,0
100355,9,36,0
100355,12,36,0
100360,2,66,0
100360,7,36,0
100360,9,36,0
100360,12,36,0
100361,3,65,0
100361,5,57,1
100361,7,36,1
100363,2,71,0
100363,5,45,0
100363,10,61,0
100365,2,42,0
100365,5,63,0
100365,8,36,0
100598,2,52,0
100598,4,44,0
100598,11,53,0
100624,1,66,0
100624,3,42,0
100624,5,45,0
100672,2,57,0
100672,4,47,0
100672,9,36,1
100672,12,36,0
100678,2,45,0
100678,4,37,0
100678,9,36,0
100680,1,44,0
100680,4,46,0
100680,7,36,0
100680,10,43,0
100682,2,50,0
100682,4,51,0
100682,6,36,0
100682,10,42,1
100688,1,44,1
100688,5,67,0
100688,7,36,0
100762,2,61,0
100762,4,36,0
100762,7,36,1
100762,11,42,0
100816,1,57,0
100816,3,51,1
100816,5,57,1
100817,2,44,0
100817,5,44,0
100817,8,36,0
100825,2,42,0
100825,4,61,0
100825,8,36,0
100828,2,46,0
100828,10,58,0
100913,1,40,1
100913,3,44,0
100913,5,72,0
100975,2,62,0
100975,4,56,0
100975,7,36,0
100976,2,70,1
100976,5,47,1
100976,7,36,0
100980,3,53,0
100980,6,36,0
100980,8,36,1
100980,11,48,1
101019,2,43,1
101019,6,36,0
101019,10,43,1
101019,12,36,1
101021,1,48,0
101021,4,54,0
101021,9,36,0
101039,3,47,0
101039,5,38,1
101039,7,36,0
101039,9,36,1
101040,5,41,0
101040,11,73,1
101043,1,63,0
101043,6,36,0
101043,11,65,0
101044,4,71,0
101044,12,36,0
101107,3,69,0
101107,5,71,0
101107,8,36,0
101108,8,36,0
101108,10,43,0
101108,12,36,0
101109,10,65,1
101109,12,36,1
101110,2,67,0
101110,4,63,0
101110,6,36,0
101113,1,70,0
101113,4,51,0
101113,10,51,0
101185,2,62,0
101185,8,36,0
101185,11,37,0
101311,1,53,0
101311,3,39,0
101311,6,36,0
101311,10,38,0
101312,1,37,0
101312,3,50,0
101312,5,46,0
101312,9,36,0
101314,2,59,0
101314,5,49,0
101314,8,36,0
101314,12,36,1
101429,1,65,0
101431,1,37,0
101431,3,57,0
101431,5,64,0
101432,1,48,0
101432,4,67,0
101432,7,36,0
101440,2,63,0
101440,4,51,0
101440,9,36,0
101441,1,49,0
101441,5,52,0
101441,9,36,0
101442,1,40,0
101442,5,52,1
101442,9,36,0
101442,11,50,1
101443,1,64,0
101443,6,36,0
101443,10,51,0
101526,2,69,0
101526,5,69,1
101526,8,36,1
101644,3,37,0
101644,5,64,0
101650,2,43,1
101650,4,55,0
101650,11,58,0
101651,9,36,0
101651,11,64,0
101652,6,36,0
101652,9,36,0
101655,4,58,0
101655,7,36,0
101655,11,38,0
101938,1,70,1
101938,6,36,0
101938,8,36,1
101938,10,41,0
101942,2,38,0
101942,7,36,0
101942,9,36,0
101942,12,36,0
101946,1,66,0
101946,5,49,0
101974,1,61,1
101974,6,36,0
101974,11,52,0
101977,2,36,0
101977,5,53,0
101977,11,36,0
101979,2,48,0
101979,5,44,0
101979,7,36,1
101979,10,51,1
101981,1,48,1
101981,3,65,0
101981,9,36,0
101985,1,44,0
101985,6,36,0
101985,10,64,0
102014,6,36,0
102014,10,40,0
102014,12,36,0
102125,2,51,0
102125,5,39,0
102125,10,58,0
102197,3,68,0
102197,5,62,0
102197,8,36,0
102199,1,61,0
102199,5,57,0
102199,8,36,0
102200,3,50,0
102200,5,45,0
102200,8,36,0
102201,1,59,0
102201,10,51,0
102205,3,60,0
102205,6,36,0
102205,8,36,1
102205,10,36,0
102207,1,54,0
102207,5,55,0
102207,7,36,0
102207,9,36,0
102396,4,59,0
102396,7,36,0
102396,9,36,0
102396,12,36,0
102837,5,38,0
102837,6,1,0
102837,11,58,1
102858,2,60,0
102858,5,36,1
102858,8,36,1
102858,11,46,0
102897,2,46,1
102897,4,58,0
102897,8,36,1
102897,12,36,1
104310,1,64,0
104310,5,43,0
104310,9,36,0
3401,1,49,0
3401,4,51,0
3401,7,36,0
3401,9,36,0
3402,3,67,0
3402,5,41,0
3402,8,36,0
3405,1,57,0
3405,3,47,0
3405,9,36,0
3425,1,42,0
3425,3,38,0
3425,6,36,0
3425,8,36,0
3427,1,58,1
3427,3,44,0
3427,9,36,1
3427,11,39,0
3428,3,54,0
3428,8,36,0
3428,11,53,0
3430,2,41,0
3430,4,62,0
3430,6,36,0
3430,9,36,0
3434,1,65,0
3434,3,73,0
3434,5,45,0
3435,2,65,1
3435,4,72,0
3435,6,36,0
3437,3,56,0
3437,7,36,0
3437,10,62,0
3438,1,54,0
3438,7,36,1
3438,9,36,1
3439,3,38,0
3439,5,50,0
3439,7,36,0
3439,9,36,0
3440,2,51,0
3440,4,61,0
3440,6,36,0
3440,12,36,0
3441,2,66,0
3441,4,42,0
3441,6,36,0
3441,8,36,0
3442,1,72,0
3442,3,39,0
3442,10,69,0
3443,3,63,0
3443,5,69,0
3443,7,36,0
3444,2,59,0
3444,4,60,0
3444,6,36,0
3446,1,37,0
3446,3,36,0
3446,5,67,0
3446,8,36,0
3450,1,53,0
3450,3,73,0
3450,5,52,0
3453,1,72,0
3453,3,48,1
3453,6,36,0
3455,1,46,0
3455,2,20,0
3455,4,49,0
3455,6,36,0
3456,1,69,0
3456,3,52,0
3456,5,38,0
3457,4,50,0
3457,6,36,0
3457,8,36,0
3457,10,62,0
3459,1,60,0
3459,4,51,0
3459,8,36,0
3461,1,60,0
3461,6,36,0
3461,9,36,0
3464,1,59,0
3464,4,67,0
3464,6,36,0
3469,1,48,0
3469,4,47,1
3469,9,36,0
3471,1,46,0
3471,3,44,0
3471,5,66,1
3474,2,36,1
3474,4,51,0
3474,6,36,0
3474,8,36,0
3475,3,59,1
3475,5,67,1
3475,7,36,0
3477,1,41,0
3477,3,38,0
3477,7,36,0
3477,9,36,0
3478,1,49,0
3478,3,38,1
3478,5,72,1
3479,1,68,0
3479,3,36,0
3479,6,36,0
3479,9,36,0
3480,1,37,0
3480,3,55,0
3480,5,40,0
3480,7,36,0
3483,1,39,0
3483,3,65,0
3483,5,58,1
3484,3,63,0
3484,6,36,0
3484,8,36,0
3484,11,42,0
3485,1,45,0
3485,3,66,0
3485,6,36,0
3485,8,36,0
3486,1,44,0
3486,3,72,0
3486,5,52,0
3490,2,38,0
3490,4,70,1
3490,6,36,1
3490,12,36,1
3495,2,55,0
3495,5,67,0
3495,7,36,0
3496,1,64,0
3496,3,66,0
3496,7,36,0
3499,2,54,1
3499,4,57,0
3499,7,36,1
3500,1,38,0
3500,3,43,0
3500,5,63,0
3500,7,36,1
3501,5,56,0
3501,7,36,1
3501,11,42,0
3506,1,59,0
3506,3,68,1
3506,7,36,1
3507,3,72,0
3507,5,71,0
3507,7,36,0
3511,1,47,0
3511,5,65,0
3511,8,36,1
3513,2,59,0
3513,4,70,0
3513,6,36,0
3514,6,36,0
3514,11,54,0
3516,1,72,0
3516,3,65,0
3516,7,36,0
3517,1,43,0
3517,3,47,1
3517,6,36,0
3517,8,36,1
3518,1,65,0
3518,4,39,0
3518,7,36,0
3518,9,36,0
3522,2,44,0
3522,4,59,1
3522,6,36,1
3522,8,36,0
3525,2,39,1
3525,5,37,1
3525,7,36,0
3525,9,36,1
3529,2,57,0
3529,4,60,1
3529,6,36,1
3532,1,48,0
3532,3,40,0
3532,7,36,0
3532,9,36,0
3534,2,52,0
3534,5,41,0
3534,7,36,0
3534,9,36,0
3538,1,55,0
3538,5,55,0
3538,7,36,0
3539,1,52,0
3539,3,72,0
3539,7,36,0
3540,1,56,0
3540,3,43,0
3540,9,36,1
3543,1,67,0
3543,3,45,1
3543,7,36,1
3545,1,60,0
3545,4,55,0
3545,6,36,0
3547,1,72,0
3547,3,36,0
3547,6,36,0
3547,9,36,0
3548,1,68,0
3548,3,60,0
3548,5,50,0
3553,3,44,0
3553,5,44,0
3553,8,36,0
3553,11,60,0
3554,3,40,0
3554,6,36,0
3554,8,36,0
3554,10,70,0
3558,1,66,0
3558,3,43,0
3558,6,36,0
3558,8,36,0
3561,1,50,0
3561,3,64,0
3561,6,36,0
3563,2,72,0
3563,9,36,0
3563,11,73,0
3564,1,36,0
3564,3,45,0
3564,6,36,0
3564,8,36,0
3567,1,72,0
3567,4,50,0
3567,6,36,0
3569,1,44,0
3569,4,48,0
3569,6,36,0
3569,8,36,0
3571,2,40,0
3571,5,45,0
3571,8,36,0
3571,10,51,0
3574,2,67,1
3574,4,41,1
3574,6,36,1
3574,9,36,0
3578,4,39,0
3578,7,36,0
3578,10,46,0
3578,12,36,0
3579,2,58,0
3579,4,49,0
3579,7,36,0
3579,10,40,0
3580,1,45,0
3580,3,61,0
3580,5,44,1
3584,1,66,0
3584,3,65,1
3584,5,37,0
3585,2,51,0
3585,4,62,0
3585,7,36,0
3586,2,38,1
3586,4,56,0
3586,6,36,0
3586,8,36,1
3587,1,45,0
3587,3,50,0
3587,5,62,0
3602,1,57,0
3602,4,58,0
3602,6,36,0
3604,1,54,0
3604,3,73,0
3604,7,36,0
3606,1,45,1
3606,4,51,1
3606,6,36,1
3606,8,36,0
3609,1,70,0
3609,6,36,0
3609,8,36,0
3609,11,36,0
3610,1,57,0
3610,3,41,0
3610,5,48,0
3610,7,36,0
3611,1,50,0
3611,3,43,1
3611,5,64,1
3612,2,51,0
3612,5,52,0
3612,7,36,0
3612,9,36,0
3614,1,72,0
3614,4,64,0
3614,6,36,0
3615,1,48,0
3615,3,60,0
3615,5,66,0
3616,2,73,0
3616,7,36,0
3616,9,36,0
3616,12,36,0
3617,1,44,0
3617,3,71,0
3617,6,36,0
3620,1,45,0
3620,3,56,1
3620,5,36,0
3620,7,36,1
3621,1,61,0
3621,5,71,0
3621,7,36,0
3623,1,63,0
3623,5,68,0
3623,7,36,0
3624,1,57,0
3624,3,36,0
3624,5,43,0
3624,7,36,0
3625,1,61,0
3625,4,55,0
3625,7,36,0
3628,4,40,0
3628,7,36,0
3628,9,36,0
3629,3,63,1
3629,5,69,1
3629,7,36,0
3632,2,39,0
3632,5,63,0
3632,7,36,1
3632,9,36,0
3634,2,71,0
3634,5,36,0
3634,7,36,0
3634,10,37,0
3635,1,44,0
3635,4,67,0
3635,7,36,0
3635,9,36,0
3637,5,55,0
3637,8,36,0
3637,10,62,0
3638,2,70,0
3638,4,59,0
3638,6,36,0
3639,2,42,0
3639,5,73,0
3639,9,36,0
3640,2,73,0
3640,6,36,0
3640,8,36,0
3640,12,36,0
3641,1,71,0
3641,3,62,0
3641,5,36,0
3642,1,63,1
3642,3,59,1
3642,8,36,1
3645,2,54,0
3645,4,47,0
3645,6,36,0
3645,12,36,0
3727,3,50,0
3727,5,72,0
3727,7,36,0
4933,1,54,1
4933,4,66,0
4933,6,36,0
12113,2,36,0
12113,6,36,0
12113,9,36,0
12113,12,36,0
12114,1,37,0
12114,4,39,0
12114,6,36,0
12114,8,36,0
12127,1,42,0
12127,3,37,0
12127,5,48,0
12127,7,36,0
12128,1,60,0
12128,4,62,0
12128,6,36,0
12129,1,48,0
12129,3,40,0
12129,5,50,0
12129,7,36,1
12136,2,50,0
12136,4,66,0
12136,6,36,1
12138,2,55,1
12138,4,69,0
12138,6,36,0
12150,1,51,0
12150,4,68,0
12150,6,36,0
12155,1,63,0
12155,4,52,1
12155,8,36,0
12162,1,71,0
12162,3,55,0
12162,7,36,0
12188,3,45,0
12188,6,36,0
12188,8,36,0
12188,10,42,0
12194,4,41,0
12194,6,36,0
12194,9,36,0
12194,11,52,0
12210,1,66,1
12210,4,65,1
12210,8,36,1
12246,2,45,1
12246,4,53,0
12246,6,36,1
12246,8,36,1
12267,1,36,0
12267,3,45,0
12267,6,36,0
12267,8,36,0
12273,2,45,1
12273,4,61,0
12273,6,36,0
12273,11,36,0
12316,3,73,0
12316,5,59,0
12316,8,36,0
12317,1,67,0
12317,4,52,0
12317,8,36,0
12335,2,69,1
12335,5,64,0
12335,8,36,1
12340,1,39,0
12340,5,45,0
12340,7,36,0
12341,1,48,0
12341,6,36,0
12341,8,36,0
12341,11,40,0
12343,1,61,0
12343,4,62,1
12343,6,36,0
12346,1,38,0
12346,3,54,1
12346,5,72,1
12347,2,44,0
12347,4,54,1
12347,7,36,1
12353,1,70,0
12353,3,53,0
12353,5,61,0
12356,1,56,0
12356,3,41,1
12356,5,66,0
12384,1,68,0
12384,3,64,0
12384,5,43,0
12408,1,36,0
12408,4,48,1
12408,7,36,0
12408,10,36,1
12412,2,55,0
12412,5,54,1
12412,9,36,0
12445,1,64,0
12445,3,54,0
12445,5,58,0
12568,3,58,0
12568,5,49,0
12568,7,36,0
12568,9,36,0
12612,2,38,0
12612,5,45,0
12612,7,36,0
12612,9,36,0
12641,1,38,1
12641,3,56,0
12641,6,36,0
12649,1,54,0
12649,4,62,0
12649,7,36,0
12654,2,65,0
12654,4,66,0
12654,8,36,0
12736,4,53,0
12736,6,36,0
12736,8,36,0
12736,10,49,1
12806,1,56,0
12806,3,62,0
12806,8,36,0
12834,1,66,0
12834,3,37,0
12834,6,36,0
12834,8,36,0
13546,1,37,1
13546,3,37,0
13546,5,73,0
13546,7,36,1
13554,1,49,0
13554,7,36,0
13554,10,63,0
15002,2,63,1
15002,6,36,0
15002,9,36,0
15002,12,36,0
15014,1,70,0
15014,3,54,0
15014,5,55,0
15028,1,39,1
15028,3,53,1
15028,5,54,1
15028,8,36,0
15041,4,64,0
15041,6,36,0
15041,8,36,0
15042,1,37,0
15042,4,44,1
15042,6,36,1
15042,8,36,0
15044,2,38,0
15044,4,38,0
15044,7,36,0
15044,10,65,0
15059,1,52,0
15059,3,41,0
15059,7,36,0
15061,2,67,0
15061,4,63,0
15061,6,36,0
15070,2,43,0
15070,4,56,0
15070,6,36,0
15070,9,36,0
15083,1,73,0
15083,5,63,0
15083,9,36,0
15112,1,67,0
15112,3,50,1
15112,6,36,0
15156,2,45,0
15156,5,57,0
15156,8,36,0
15156,12,36,0
85452,1,64,0
85452,4,54,0
85452,7,36,0
86208,1,38,0
86208,3,44,0
86208,5,68,0
86212,1,57,0
86212,3,51,0
86212,5,44,0
86574,4,52,0
86574,8,36,1
86574,11,67,0
87030,1,64,0
87030,3,59,0
87030,5,37,0
87260,3,72,0
87260,5,69,0
87260,7,36,0
87511,1,71,0
87511,4,66,0
87511,6,36,0
87513,1,64,0
87513,5,40,0
87513,7,36,0
87513,9,36,0
87564,3,64,0
87564,5,41,0
87564,8,36,0
87564,10,41,0
87608,2,41,0
87608,4,51,0
87608,6,36,0
87608,12,36,0
87655,1,37,0
87655,5,57,0
87655,8,36,1
87655,11,36,0
87691,4,50,1
87691,6,36,0
87691,9,36,0
87691,11,60,0
87706,2,44,0
87706,5,42,1
87706,8,36,1
87706,10,48,1
87755,4,36,0
87755,6,36,0
87755,8,36,0
87755,10,43,0
87885,1,55,1
87885,4,41,0
87885,6,36,0
87885,10,47,0
87934,1,53,0
87934,4,37,0
87934,6,36,0
87934,8,36,0
88094,1,72,1
88094,3,64,0
88094,6,36,1
88095,1,72,0
88095,3,44,0
88095,5,64,0
88236,1,68,0
88236,3,67,0
88236,6,36,0
88237,1,68,0
88237,3,39,0
88237,5,36,0
88237,7,36,0
88303,1,43,0
88303,5,57,0
88303,8,36,0
88303,11,41,0
88399,2,58,0
88399,7,36,0
88399,9,36,0
88399,12,36,0
88400,2,59,0
88400,5,49,0
88400,7,36,0
88400,9,36,0
88575,1,58,0
88575,4,43,0
88575,7,36,0
88575,11,41,0
89129,1,50,0
89129,5,63,0
89129,7,36,0
91602,3,57,0
91602,9,36,0
91602,11,59,0
95847,1,52,0
95847,3,61,0
95847,6,36,0
3476,4,49,0
3476,8,36,0
3476,12,36,0
3519,2,43,0
3519,6,36,0
3519,8,36,0
3519,12,36,0
3533,1,42,1
3533,3,45,0
3533,7,36,0
3533,9,36,1
3536,3,46,0
3536,5,66,0
3536,8,36,0
3536,12,36,0
3537,3,63,0
3537,5,43,0
3537,7,36,0
3537,9,36,0
3544,2,69,0
3544,4,65,0
3544,6,36,0
3572,1,40,0
3572,6,36,0
3572,8,36,0
3572,10,60,0
3575,4,54,0
3575,6,36,0
3575,9,36,0
3589,1,60,0
3589,4,20,0
3589,5,38,0
3589,8,36,0
3605,2,39,0
3605,5,48,0
3605,8,36,0
3605,12,36,0
3631,2,61,0
3631,4,43,0
3631,6,36,0
3631,12,36,0
3738,2,51,0
3738,5,53,0
3738,7,36,0
3738,9,36,1
3739,3,3,0
3739,4,66,0
3739,6,36,0
3739,10,66,0
3741,1,45,0
3741,4,50,0
3741,7,36,0
3744,2,39,0
3744,4,46,0
3744,7,36,1
3744,11,63,0
3745,2,59,0
3745,5,43,0
3745,9,36,0
3769,1,51,0
3769,3,65,0
3769,5,59,0
4714,1,36,0
4714,3,65,0
4714,7,36,0
4714,9,36,0
4749,1,68,0
4749,6,36,0
4749,8,36,0
4758,2,68,0
4758,8,36,0
4758,10,58,0
4795,3,56,0
4795,6,36,0
4795,8,36,0
4795,10,37,0
5014,1,41,0
5014,3,45,0
5014,6,36,0
5014,10,47,0
5020,2,48,0
5020,6,36,0
5020,8,36,0
5020,10,39,0
11528,3,39,0
11528,7,36,0
11528,10,36,0
11528,12,36,0
11577,2,37,0
11577,6,36,0
11577,9,36,0
11621,2,49,0
11621,5,14,0
11621,6,24,1
11621,8,36,0
11621,12,36,0
11645,4,73,0
11645,7,36,0
11645,9,36,0
11645,11,38,0
11647,2,46,0
11647,4,57,0
11647,6,36,0
11647,9,36,0
11676,5,70,0
11676,7,36,0
11676,9,36,0
11685,3,46,0
11685,7,36,0
11685,10,51,1
11685,12,36,0
11709,2,69,1
11709,4,60,0
11709,7,36,1
11716,1,60,0
11716,3,50,0
11716,5,44,1
11791,4,36,0
11791,7,36,0
11791,12,36,0
11817,2,71,0
11817,5,45,1
11817,7,36,0
11828,2,51,0
11828,4,71,0
11828,7,36,0
11830,1,37,0
11830,3,62,1
11830,6,36,0
11830,11,49,0
11834,2,43,0
11834,7,36,0
11834,9,36,0
11834,12,36,0
11840,1,56,0
11840,3,39,0
11840,5,55,0
11844,1,45,0
11844,3,39,0
11844,5,45,0
11844,8,36,1
12135,1,48,0
12135,4,57,0
12135,9,36,1
12166,5,37,0
12166,9,36,0
12166,12,36,0
12170,4,51,0
12170,6,36,0
12170,8,36,0
12170,10,59,0
12177,1,56,0
12177,4,71,0
12177,7,36,0
12229,1,52,0
12229,3,43,0
12229,6,36,0
12229,8,36,0
12253,1,68,0
12253,3,37,0
12253,5,48,0
12336,4,50,0
12336,6,36,0
12336,8,36,1
12336,10,44,0
12387,5,45,0
12387,7,36,0
12387,9,36,0
12387,12,36,0
12401,1,66,0
12401,3,40,0
12401,5,73,0
12406,1,63,0
12406,3,38,0
12406,6,36,0
12406,8,36,0
12407,6,36,0
12407,8,36,0
12407,11,43,0
12416,1,38,0
12416,5,45,0
12416,7,36,0
12416,9,36,0
12421,3,73,0
12421,5,68,0
12421,7,36,0
12434,1,50,0
12434,3,39,0
12434,6,36,0
12434,9,36,1
12489,1,62,0
12489,4,53,0
12489,6,36,0
12494,2,53,0
12494,8,36,0
12494,10,58,0
12494,12,36,1
12522,2,53,0
12522,4,42,1
12522,6,36,1
12522,12,36,0
12559,1,49,1
12559,3,55,1
12559,5,55,1
12600,3,49,0
12600,5,48,0
12600,9,36,0
12617,2,63,1
12617,5,51,1
12617,7,36,0
12629,1,67,0
12629,8,36,0
12629,11,60,0
12852,2,56,0
12852,4,39,0
12852,6,36,0
12852,9,36,0
13499,1,43,0
13499,3,69,0
13499,5,57,0
13812,1,44,0
13812,3,43,0
13812,6,36,0
13812,8,36,0
13828,1,66,0
13828,7,36,0
13828,9,36,0
13828,11,38,0
13849,1,61,0
13849,3,51,0
13849,5,58,0
13863,2,52,0
13863,8,36,0
13863,11,41,0
15073,1,36,0
15073,4,50,0
15073,9,36,0
15073,11,56,0
15098,5,55,0
15098,7,36,0
15098,9,36,0
15098,11,42,0
15124,1,45,0
15124,4,41,0
15124,6,36,0
15124,8,36,0
15143,2,38,1
15143,9,36,0
15163,4,70,1
15163,8,36,0
15163,10,66,0
15168,1,39,0
15168,3,42,1
15168,6,36,0
15168,8,36,0
15173,1,73,0
15173,7,36,0
15173,9,36,1
15174,2,55,1
15174,4,71,0
15174,8,36,1
15179,1,45,1
15179,5,70,0
15179,8,36,1
15184,5,58,0
15184,7,36,0
15184,9,36,0
15184,11,45,0
15304,2,72,0
15304,4,48,0
15304,6,36,0
15310,3,56,0
15310,5,64,0
15310,7,36,0
15311,1,42,0
15311,3,71,0
15311,5,58,0
15323,2,58,1
15323,4,48,0
15323,10,72,1
15343,2,44,0
15343,5,41,0
15343,7,36,0
15343,9,36,0
15347,2,48,0
15347,4,38,0
15347,6,36,0
15347,8,36,0
15355,1,66,0
15355,5,59,0
15355,7,36,0
15359,1,67,0
15359,3,67,0
15359,6,36,0
15364,2,56,0
15364,5,61,0
15364,7,36,0
15366,2,54,0
15366,5,59,0
15366,8,36,0
85321,3,56,0
85321,5,40,0
85321,8,36,0
85321,10,43,0
85435,2,51,0
85435,6,36,0
85435,9,36,1
85435,12,36,0
85439,1,53,0
85439,6,36,0
85439,8,36,0
85453,2,67,0
85453,4,67,0
85453,7,36,0
86219,4,40,0
86219,7,36,0
86219,9,36,0
86219,11,36,0
86221,2,48,1
86221,4,51,1
86221,6,36,0
86221,8,36,1
86470,6,36,0
86470,8,36,0
86470,10,73,0
86470,12,36,1
86628,3,55,0
86628,9,36,0
86628,11,44,0
86646,1,48,0
86646,3,53,0
86646,6,36,0
86786,2,42,0
86786,5,42,0
86786,7,36,0
86786,10,59,0
86830,2,73,0
86830,4,43,0
86830,6,36,1
86969,3,68,0
86969,6,36,0
86969,8,36,0
87025,2,46,0
87025,4,58,1
87025,6,36,0
87025,9,36,0
87029,2,52,0
87029,4,47,0
87029,6,36,1
87029,8,36,1
87161,2,52,1
87161,7,36,0
87161,9,36,0
87161,12,36,0
87291,2,60,0
87291,5,43,0
87291,9,36,0
87508,3,36,0
87508,6,36,0
87508,9,36,0
87508,11,60,0
87567,1,50,0
87567,5,60,0
87567,7,36,0
87567,9,36,0
87658,1,48,0
87658,3,40,0
87658,5,60,0
87658,7,36,0
87692,2,50,0
87692,5,59,0
87692,8,36,0
87692,12,36,0
87707,2,49,0
87707,6,36,0
87707,9,36,0
87707,12,36,0
87740,1,61,1
87740,4,68,0
87740,7,36,0
87806,2,40,0
87806,5,64,1
87806,7,36,0
87806,9,36,0
87816,8,36,0
87816,11,58,0
87949,1,48,0
87949,3,58,0
87949,6,36,0
87949,9,36,0
88185,3,44,0
88185,5,39,0
88185,9,36,0
88297,2,41,0
88297,4,41,0
88297,7,36,0
88297,9,36,0
88299,1,59,1
88299,6,36,0
88299,10,37,0
88620,1,43,0
88620,3,61,0
88620,6,36,0
88620,8,36,0
88704,2,70,0
88704,4,43,0
88704,6,36,0
90712,2,43,0
90712,4,57,0
90712,6,36,0
90712,8,36,0
90713,2,36,0
90713,4,50,0
90713,6,36,0
90713,9,36,0
90737,2,40,0
90737,4,63,0
90737,6,36,0
90737,8,36,0
90903,5,44,0
90903,10,60,0
90903,12,36,0
90962,2,62,0
90962,8,36,0
90962,10,60,0
90966,3,48,0
90966,5,59,0
90966,7,36,0
90966,9,36,0
91172,1,44,0
91172,3,44,0
91172,5,47,0
91172,8,36,0
91175,2,37,0
91175,4,38,1
91175,7,36,1
91175,10,64,1
91245,2,62,0
91245,4,44,0
91245,6,36,0
91245,8,36,0
91345,1,43,0
91345,3,62,1
91345,6,36,1
91345,8,36,0
91364,2,60,1
91364,6,36,0
91364,8,36,0
91364,11,49,1
91425,4,57,0
91425,6,36,0
91425,8,36,0
91425,10,42,0
91427,2,42,0
91427,4,55,0
91427,7,36,0
91427,9,36,1
91429,2,50,1
91429,4,65,0
91429,6,36,0
91475,2,56,0
91475,6,36,0
91475,8,36,0
91566,1,56,0
91566,3,45,0
91566,6,36,0
91566,10,37,0
91567,1,67,0
91567,3,63,0
91567,5,46,1
91568,1,43,0
91568,3,43,0
91568,5,65,0
92494,2,73,0
92494,4,71,0
92494,6,36,0
92698,1,37,0
92698,4,62,1
92698,6,36,1
92698,8,36,0
92719,2,73,0
92719,7,36,0
92719,9,36,1
93026,3,65,1
93026,5,63,0
93026,10,55,1
94356,1,50,1
94356,3,64,1
94356,8,36,0
101897,1,14,0
101897,2,46,0
101897,4,61,0
101897,6,36,0
101905,2,52,0
101905,8,36,0
101905,10,42,0
101905,12,36,0
101909,2,60,0
101909,4,48,1
101909,6,36,0
101909,9,36,0
101910,2,50,0
101910,7,36,0
101910,9,36,0
101910,12,36,0
101911,3,69,0
101911,5,38,0
101911,7,36,1
101911,9,36,0
101917,2,51,0
101917,5,73,0
101917,7,36,0
3404,2,37,1
3404,4,53,0
3404,6,36,0
3404,8,24,1
3404,9,12,0
3803,4,63,0
3803,6,36,0
3803,10,66,0
5901,4,45,1
5901,6,36,0
5901,10,44,1
5901,12,36,1
5903,3,49,0
5903,6,36,1
5903,9,36,0
5903,12,36,0
5904,2,47,0
5904,6,36,0
5904,9,36,1
5904,11,43,0
5936,2,43,0
5936,5,70,0
5936,11,40,0
5945,1,57,0
5945,3,51,1
5945,5,36,1
5945,8,36,0
11618,1,62,0
11618,3,54,0
11618,8,36,0
12111,3,46,0
12111,5,2,1
12111,6,59,0
12111,10,56,0
12269,5,47,0
12269,7,36,0
12269,10,37,1
12269,12,36,1
12382,3,40,0
12382,7,36,1
12382,10,64,0
12388,4,24,0
12388,5,36,0
12388,9,36,0
12388,11,73,0
12397,2,52,0
12397,5,65,1
12397,8,36,0
12430,3,51,1
12430,5,37,1
12430,11,52,0
12461,2,53,1
12461,5,39,1
12461,10,38,0
12461,12,36,0
12462,2,62,0
12462,4,53,0
12462,6,36,0
13427,2,59,0
13427,7,36,0
13427,10,49,0
13565,2,41,0
13565,4,52,0
13568,2,42,0
13568,4,49,0
13568,7,36,0
13568,12,36,0
13697,4,71,0
13697,9,36,0
13697,11,52,0
15019,3,61,0
15019,5,60,0
15019,10,36,0
15030,3,41,1
15030,10,71,1
15030,12,36,0
15092,1,67,0
15092,3,36,0
15092,5,53,0
15100,3,57,0
15100,7,36,0
85502,2,45,0
85502,6,36,0
85502,9,36,0
86395,3,44,0
86395,6,36,0
86395,10,66,0
86395,12,36,0
86484,4,63,1
86484,8,36,1
86484,10,38,1
86484,12,36,1
87457,2,39,0
87457,4,72,0
87457,6,36,0
87457,8,36,0
87764,4,73,0
87764,7,36,0
87764,12,36,0
89568,4,38,0
89568,6,36,0
89568,8,36,0
89568,10,44,0
90469,2,49,0
90469,4,43,1
90469,8,36,1
92520,2,53,0
92520,5,68,0
92520,11,45,0
92524,4,37,0
92524,6,36,1
92524,8,36,0
92524,11,73,0
92726,2,67,0
92726,7,36,1
92726,10,52,0
92731,6,36,0
92731,9,36,0
92731,11,37,0
92803,4,46,0
92803,9,36,0
92803,11,50,0
92884,2,72,0
92884,4,63,1
92884,12,36,0
92887,5,55,0
92887,7,36,1
92887,11,37,1
92953,2,72,0
92953,4,62,1
92953,6,28,0
92953,7,8,0
92954,3,70,0
92954,8,36,0
92954,11,38,0
92976,1,42,0
92976,3,50,0
92976,5,67,0
93059,2,59,0
93059,8,36,0
93059,10,48,0
93059,12,36,0
93149,2,61,1
93149,5,38,0
93187,4,56,0
93187,7,36,0
93187,10,70,0
93201,3,48,0
93201,7,36,0
93201,10,59,0
93201,12,36,0
93208,2,46,0
93208,4,48,0
93208,7,36,0
93208,10,45,0
93251,2,69,0
93251,4,36,0
93251,6,36,0
93251,12,36,0
93281,2,36,0
93281,4,48,0
93281,6,36,0
93281,9,36,0
93285,4,47,0
93285,10,40,0
93285,12,36,0
93290,3,69,0
93290,5,63,0
93290,11,45,0
93325,3,37,0
93325,5,45,0
93325,7,36,0
93325,9,36,0
93332,4,36,1
93332,11,58,1
93401,3,37,0
93401,5,58,1
93401,7,36,1
93401,12,36,1
93405,2,67,1
93405,4,43,0
93405,8,36,0
93405,10,36,1
93614,4,70,0
93614,6,36,1
93614,10,44,1
94050,2,66,0
94050,4,65,0
94050,7,36,0
94433,3,64,0
94433,9,5,1
94433,10,31,0
94435,5,71,0
94435,8,36,0
94435,10,66,0
94470,1,51,0
94470,4,72,0
94470,7,36,1
94512,2,54,0
94512,4,49,0
94512,6,36,0
94512,8,36,0
94514,4,48,0
94514,10,72,1
94514,12,36,1
94616,2,53,0
94616,4,38,0
94616,6,36,0
94616,9,36,1
94618,5,40,1
94618,7,36,1
94618,11,72,0
94736,2,41,0
94736,4,58,0
94736,10,66,0
94909,3,63,0
94909,5,56,0
94909,10,63,0
94944,2,44,0
94944,4,52,0
94944,8,36,0
94944,11,49,0
94976,5,72,0
94976,7,36,0
94976,10,67,0
95070,2,73,0
95070,5,59,0
95070,10,48,0
95318,3,71,0
95318,10,66,0
95318,12,36,1
95400,3,45,0
95400,5,60,0
95400,7,36,0
95400,9,36,0
95404,3,44,0
95535,3,54,0
95535,7,36,0
95535,10,49,1
95540,3,60,0
95540,5,54,0
95540,7,36,0
95632,2,69,0
95632,4,48,0
95632,6,36,0
95659,5,63,0
95659,8,36,0
95659,11,50,0
95755,3,55,1
95755,6,36,0
95755,10,54,1
95755,12,36,1
95783,5,43,1
95783,7,36,0
95783,10,39,1
95783,12,36,1
95785,2,58,0
95785,4,62,0
95785,6,36,0
95846,1,59,0
95846,3,60,0
95846,10,45,0
96054,7,36,1
96054,9,36,1
96243,1,42,0
96243,3,46,1
96243,10,36,1
96249,2,43,0
96249,5,73,0
96249,8,36,0
96250,1,71,0
96250,3,67,0
96250,7,36,1
96262,2,60,0
96262,5,53,0
96262,11,67,0
96276,3,50,1
96276,7,36,1
96276,10,44,1
96276,12,36,0
96308,2,69,0
96308,5,55,0
96308,7,36,0
96311,2,49,0
96311,5,37,0
96311,10,38,0
96311,12,36,0
96337,4,61,1
96337,11,53,0
96579,4,38,0
96579,11,60,0
96582,2,41,0
96582,5,55,0
96582,7,36,0
96582,10,40,0
96630,3,39,1
96630,6,36,1
96630,10,50,1
96630,12,36,0
96657,2,70,1
96657,7,36,0
96657,10,58,1
96745,2,66,0
96745,4,72,1
96745,8,36,0
96801,2,59,1
96801,9,36,0
96801,11,38,1
97111,5,57,1
97111,8,36,0
97111,11,65,0
97157,3,67,0
97157,5,38,1
97157,9,36,0
97157,12,36,1
97752,5,61,1
97752,7,36,0
97752,11,37,0
97753,3,63,0
97753,5,73,0
97753,8,36,0
97759,5,70,0
97759,10,39,1
97759,12,36,1
97760,4,40,0
97760,7,36,0
97760,9,36,0
97760,11,42,0
97761,2,46,0
97761,4,36,0
97761,6,36,0
97761,11,42,0
97762,2,58,1
97762,4,68,0
97762,8,36,1
97766,3,61,0
97766,5,66,0
97766,8,36,0
97784,7,36,1
97784,10,44,0
97785,2,54,1
97785,7,36,0
97785,10,51,0
97785,12,36,0
97787,4,40,1
97787,6,36,1
97792,4,53,1
97792,9,36,0
97792,11,72,0
97795,3,60,0
97795,5,53,0
97795,8,36,0
97814,2,55,0
97814,5,59,0
97814,10,58,0
97830,2,50,0
97830,4,71,0
97830,8,36,0
97831,1,39,0
97831,10,60,0
97931,6,36,0
97931,8,36,0
97931,10,55,0
97931,12,36,0
97945,3,70,0
97945,5,44,0
97945,10,61,0
97947,3,53,0
97947,8,36,0
97947,10,47,0
97947,12,36,0
97948,3,48,0
97948,5,54,0
97948,10,46,0
97948,12,36,1
97988,1,54,0
97988,3,71,0
97988,5,36,0
97990,4,62,0
97990,10,62,0
97990,12,36,0
98104,3,37,0
98104,10,56,1
98105,2,66,1
98105,6,36,0
98105,9,36,0
98116,2,51,1
98116,5,47,0
98116,7,36,1
98116,12,36,1
98117,2,36,0
98117,4,72,0
98117,7,36,0
98117,12,36,0
98118,4,49,1
98118,6,36,1
98118,8,36,0
98118,12,36,1
98246,3,42,0
98246,5,55,0
98246,10,46,1
98246,12,36,1
98314,2,39,1
98314,4,68,0
98314,9,36,0
98314,11,41,0
98373,3,57,0
98373,5,68,0
98373,12,36,0
98476,2,51,0
98476,7,36,0
98476,9,36,0
98675,3,48,0
98675,7,36,0
98675,11,49,0
98676,2,42,1
98676,5,51,1
98676,8,36,1
98676,10,54,1
98757,4,48,1
98757,7,5,1
98757,8,31,0
98757,10,46,1
98757,12,36,1
98758,3,43,1
98758,6,36,1
98758,8,36,0
98758,11,44,1
98779,2,39,0
98779,4,63,0
98779,8,36,0
98779,10,45,0
98780,2,36,0
98780,4,63,1
98780,6,36,1
98780,9,36,0
98826,1,47,0
98826,3,59,0
98826,9,36,0
98827,3,39,0
98827,5,68,0
98827,7,36,0
98896,5,62,1
98896,7,36,0
98896,10,44,0
98929,3,52,1
98929,10,49,1
98929,12,36,1
98955,2,52,0
98955,5,38,0
98955,9,36,0
98955,11,42,0
98969,3,67,0
98969,7,36,0
98969,10,37,0
98969,12,36,0
99022,3,44,1
99022,8,36,0
99022,11,57,1
99023,2,61,1
99023,7,36,0
99023,10,46,1
99023,12,36,0
99119,2,33,0
99119,3,36,0
99119,5,59,0
99119,12,36,0
99133,5,68,0
99133,7,36,0
99133,9,36,0
99188,3,61,0
99188,5,60,0
99188,8,36,0
99422,3,66,0
99422,5,38,0
99422,8,36,0
99422,10,36,1
99428,3,72,0
99428,7,36,0
99428,11,57,0
99547,2,54,0
99547,4,69,0
99547,7,36,0
99657,3,44,1
99657,5,54,0
99657,10,67,1
99675,2,41,0
99675,5,67,0
99675,10,66,0
99686,3,46,1
99686,8,36,0
99686,11,41,0
99730,3,42,0
99730,7,36,1
99730,12,36,1
99731,2,57,0
99731,4,72,0
99731,8,36,0
99779,5,50,1
99779,7,36,0
99779,10,61,1
99779,12,36,1
100113,3,59,0
100113,5,55,0
100113,8,36,0
100129,1,66,0
100129,6,36,0
100129,11,55,1
100159,3,50,0
100159,6,36,0
100159,11,57,1
100542,2,58,0
100542,4,37,1
100542,7,36,0
100542,11,49,0
100556,2,57,0
100556,4,72,0
100556,6,36,0
100583,1,48,1
100583,2,25,0
100583,5,44,1
100583,7,36,0
100760,2,56,0
100760,4,37,1
100760,10,45,1
100760,12,36,0
101879,2,47,0
101879,4,62,0
101879,7,36,0
101880,2,41,0
101880,4,54,0
101880,7,36,0
101880,12,36,0
102063,2,63,0
102063,5,65,0
102063,11,53,0
102064,2,64,0
102064,4,36,0
102064,8,36,0
102064,12,36,0
102520,2,59,1
102520,5,64,0
102520,7,36,0
102539,3,62,0
102539,5,39,0
102539,10,70,0
102812,3,51,0
102812,7,36,1
102812,10,49,1
102812,12,36,0
103243,3,39,0
103243,6,36,0
103243,10,63,0
103243,12,36,0
103531,2,49,0
103531,4,68,1
103531,6,36,0
103630,1,62,1
103630,3,53,0
103630,5,68,1
5937,3,59,0
5937,5,63,0
5937,8,36,0
5944,2,37,0
5944,4,41,0
5944,7,36,0
13524,4,56,0
13524,6,36,0
13524,10,46,0
13524,12,36,0
13566,1,48,0
13566,3,69,0
13566,5,58,0
13689,2,68,0
13689,4,36,0
13689,8,36,0
13699,4,63,0
13699,7,36,0
13853,2,61,1
13853,5,70,1
13853,7,36,0
87694,2,53,0
87694,4,49,0
87694,6,36,0
87694,9,36,0
88298,2,44,0
88298,4,63,0
88298,10,70,0
91645,2,59,0
91645,9,36,0
91645,12,36,0
92476,1,48,1
92476,3,37,0
92476,6,36,0
92476,10,60,1
92485,3,50,0
92485,5,48,0
92485,8,36,0
92536,2,52,0
92536,6,36,0
92536,9,36,0
92888,3,70,0
92888,7,36,0
92888,10,47,0
93284,4,46,1
93284,8,36,0
93284,10,62,1
93284,12,36,0
93293,3,73,0
93293,8,36,0
93305,1,48,1
93305,4,45,1
93305,7,36,1
93305,9,36,0
93451,5,52,0
93451,8,36,1
93451,10,69,1
93621,4,38,0
93621,6,36,0
93621,11,71,0
93623,4,63,0
93623,8,36,0
93623,11,50,0
93629,4,65,0
93629,6,36,0
93629,11,70,1
93903,2,53,0
93903,5,51,0
93903,7,36,0
93903,12,36,0
93988,3,45,0
93988,8,34,0
93988,9,2,0
94034,4,72,0
94034,6,36,0
94034,8,36,0
94034,12,36,0
94045,2,68,0
94045,4,44,0
94045,6,36,0
94045,9,36,0
94145,4,72,0
94145,9,36,0
94145,11,67,0
94149,3,40,0
94149,6,36,0
94149,8,36,0
94149,10,46,0
94150,2,51,1
94150,4,67,0
94150,9,36,1
94153,5,73,1
94153,9,36,0
94153,11,44,1
94165,2,66,0
94165,4,54,0
94165,7,36,0
94337,5,40,1
94337,9,36,0
94337,11,70,0
94340,3,66,0
94340,6,36,0
94340,8,36,0
94340,10,45,0
94355,5,54,0
94355,9,36,0
94355,12,36,0
94358,2,71,0
94358,7,36,0
94359,2,46,1
94359,4,72,1
94359,7,36,1
94360,2,40,1
94360,4,49,1
94360,7,36,0
94360,9,36,1
94364,7,36,0
94364,10,56,0
94364,12,36,0
94498,5,47,1
94498,7,36,0
94498,9,36,0
94498,11,61,0
94730,4,41,0
94730,8,36,0
94730,11,46,0
94739,9,36,0
94739,11,42,0
94749,3,39,0
94749,6,36,0
94749,10,63,0
94749,12,36,0
94765,4,43,0
94765,8,36,0
94765,11,70,0
94793,4,62,0
94793,8,36,0
94793,10,70,0
94796,3,37,0
94796,10,54,0
94796,12,36,0
94945,4,58,0
94945,6,36,0
94945,8,36,0
94945,12,36,0
94947,5,61,1
94947,10,54,1
95017,1,66,0
95017,3,50,0
95017,5,65,0
95018,2,54,0
95018,4,52,0
95018,7,36,0
95018,12,36,0
95032,3,50,0
95032,11,73,0
95054,2,43,1
95054,4,50,0
95054,6,36,0
95054,9,36,0
95187,3,68,0
95187,5,55,0
95187,7,36,0
95192,2,58,1
95192,5,40,0
95192,8,36,1
95192,12,36,0
95225,2,52,0
95225,4,58,1
95225,7,36,0
95226,1,55,0
95226,3,69,0
95226,6,36,0
95423,3,40,0
95423,7,36,0
95423,9,36,0
95423,12,36,0
95427,3,66,1
95427,8,36,0
95427,12,36,1
95433,2,69,0
95433,4,62,0
95433,12,36,0
95442,3,48,0
95442,10,52,0
95442,12,36,0
95743,2,46,0
95743,7,36,0
95743,10,45,0
95743,12,36,0
95744,2,40,1
95744,4,60,0
95744,7,36,0
95744,10,38,0
95749,3,50,0
95749,6,36,0
95749,10,45,0
95749,12,36,0
95780,2,59,0
95780,4,66,0
95780,7,36,0
95813,2,40,0
95813,4,72,0
95813,12,36,0
95814,2,47,0
95814,5,73,1
95814,7,36,0
96236,4,44,1
96236,9,36,0
96236,12,36,0
96309,2,69,0
96309,4,69,0
96309,6,36,0
96323,3,44,0
96323,5,72,0
96323,12,36,0
96357,1,40,0
96357,3,58,0
96357,6,36,0
96357,8,36,1
96380,3,60,0
96380,6,36,0
96380,10,42,0
96622,3,44,1
96622,5,58,0
96622,8,36,0
96622,10,36,0
97239,2,55,0
97239,5,42,1
97239,7,36,0
97239,9,36,0
97242,3,72,0
97242,5,39,0
97242,7,21,0
97242,8,15,0
97252,3,39,1
97252,5,46,1
97252,12,36,0
97278,2,39,1
97278,6,36,0
97278,8,36,0
97278,10,46,0
97452,4,63,0
97452,9,36,0
97452,11,44,0
97456,2,39,0
97456,5,65,0
97456,7,36,0
97456,9,36,0
97457,3,68,0
97457,5,47,0
97457,9,36,1
97892,1,40,0
97892,3,44,0
97892,7,36,0
97892,10,61,0
97919,3,47,0
97919,8,36,0
97919,12,36,1
98198,6,36,0
98198,12,36,0
98200,3,36,0
98200,6,7,0
98200,7,29,0
98200,9,36,0
98200,12,36,0
98930,2,65,0
98930,5,40,0
98930,7,36,0
98930,11,41,0
99083,2,64,0
99083,4,72,0
99083,6,36,0
99091,2,63,1
99091,4,44,1
99091,9,36,1
99091,11,39,1
99096,2,38,0
99096,4,56,0
99096,6,36,0
99096,12,36,0
99097,4,66,0
99097,7,36,0
99097,9,36,0
99382,2,32,0
99382,3,5,0
99382,5,22,0
99382,6,26,0
99382,8,36,0
99382,10,36,0
99416,1,36,0
99416,3,40,0
99416,5,52,0
99416,10,52,0
99568,3,42,0
99568,5,72,0
99568,7,36,0
99618,2,56,1
99618,4,53,1
99618,8,36,0
99618,11,36,1
99656,1,54,0
99656,4,38,0
99656,6,36,0
99740,1,44,1
99740,4,51,0
99740,8,36,0
99740,11,48,1
99800,2,50,0
99800,5,60,0
99800,7,36,0
99800,12,36,0
99914,1,41,0
99914,5,71,0
99914,10,64,0
99923,4,36,0
99923,6,36,0
99923,11,45,0
99926,2,63,0
99926,4,57,0
99926,7,36,0
99948,3,67,0
99948,5,53,0
99948,7,36,0
99949,3,73,1
99949,5,59,0
99949,11,50,0
99950,2,54,0
99950,4,38,0
99950,6,36,0
99950,8,36,0
99977,1,39,0
99977,2,21,1
99977,5,49,0
99977,7,36,0
99977,10,37,0
99978,3,60,0
99978,6,36,1
99978,8,36,0
99978,10,47,0
99979,4,60,0
99979,7,36,0
99979,10,48,1
99979,12,36,1
100074,2,55,0
100074,4,70,0
100074,7,36,0
100168,3,65,0
100168,8,36,0
100170,3,43,0
100170,5,36,0
100170,10,48,0
100172,5,50,0
100172,7,36,0
100172,10,66,0
100173,1,59,0
100173,3,61,0
100173,5,44,0
100174,2,64,0
100174,4,69,0
100174,6,36,0
100338,2,72,0
100338,4,47,1
100338,6,36,0
100352,2,63,0
100352,4,38,0
100352,5,21,0
100352,8,36,0
100362,3,64,0
100362,5,66,0
100362,12,36,0
100377,3,63,0
100377,5,66,0
100377,7,36,0
100382,2,41,0
100382,4,52,0
100382,7,36,0
100382,10,51,0
100525,3,47,0
100581,4,36,0
100581,9,36,0
100581,11,63,0
100599,2,73,0
100599,6,36,1
100599,9,36,1
100628,2,52,0
100628,7,36,0
100628,11,46,0
100663,3,59,0
100663,10,73,0
100676,3,58,0
100676,5,37,0
100676,11,54,0
100722,4,70,0
100722,6,36,0
100901,3,47,0
100901,6,36,0
100901,8,36,0
100901,11,42,0
100963,1,70,0
100963,7,36,1
100963,9,36,0
100971,2,50,0
100971,4,47,0
100971,12,36,0
101014,1,48,1
101014,3,39,0
101014,5,53,1
101014,7,36,0
101037,4,50,0
101037,6,36,0
101037,8,36,0
101180,2,71,0
101180,5,63,1
101180,12,36,1
101426,2,69,0
101426,5,46,0
101426,7,36,0
101428,3,61,0
101428,5,60,0
101428,11,62,0
101439,3,37,0
101439,5,58,1
101439,10,62,1
101449,1,65,0
101449,7,36,0
101449,11,57,0
101647,4,72,1
101647,7,36,0
101647,10,68,0
101653,2,50,1
101653,5,50,0
101653,7,36,0
101653,11,44,0
101833,4,63,0
101833,10,64,1
101833,12,36,0
101978,3,57,1
101978,5,61,1
101978,7,36,0
102062,2,49,0
102062,4,43,0
102062,6,36,0
102194,2,63,0
102194,5,62,1
102198,2,73,0
102198,5,47,0
102198,8,36,0
102208,3,54,0
102208,8,36,0
102208,10,52,0
102208,12,36,0
102576,3,48,0
102576,7,36,0
102576,10,40,0
102832,3,43,0
102832,10,70,1
102832,12,36,0
102848,3,58,1
102848,5,73,0
102848,8,36,0
103165,4,57,1
103165,7,36,1
103165,11,51,1
103194,3,67,0
103194,7,36,0
103194,10,38,0
103194,12,36,0
103317,2,49,0
103317,4,57,0
103317,8,36,0
103382,1,72,0
103382,3,48,0
103382,5,47,0
103592,2,63,1
103592,12,36,0
104239,2,60,0
104239,4,72,0
104239,8,36,0
104561,2,51,0
104561,4,52,0
104561,7,36,0
3432,3,36,0
3432,8,36,0
3432,10,70,0
3432,12,36,0
3583,1,45,0
3583,4,61,0
3583,8,36,0
11509,3,52,0
11509,5,72,0
11509,8,36,0
11511,3,64,1
11511,8,36,0
11511,10,60,0
11521,6,36,0
11521,11,60,0
11522,2,59,0
11522,6,36,0
11522,11,66,0
11523,1,68,1
11523,6,36,0
11523,9,36,0
11524,2,58,0
11524,5,38,0
11524,10,73,0
11526,5,54,1
11526,7,36,1
11526,9,36,0
11526,12,36,0
11527,1,58,0
11527,3,60,0
11527,5,63,0
11533,6,36,0
11533,10,42,0
11533,12,36,0
11534,3,55,0
11534,8,36,0
11534,12,36,0
11538,1,62,0
11538,6,36,0
11538,9,36,0
11540,5,64,0
11540,12,36,0
11541,1,73,1
11541,5,54,0
11546,1,60,1
11546,5,49,0
11546,9,36,1
11548,2,54,0
11548,9,36,0
11548,11,53,1
11549,2,43,0
11549,6,36,0
11549,10,53,0
11549,12,36,0
11552,1,65,0
11552,4,58,0
11552,10,52,0
11555,3,37,0
11555,5,72,0
11555,7,36,0
11557,3,60,0
11557,7,36,0
11557,9,36,1
11557,11,52,1
11560,1,69,1
11560,4,54,1
11560,6,36,1
11562,1,60,0
11562,4,39,0
11562,7,36,0
11562,10,43,0
11563,1,67,0
11563,6,36,0
11563,8,36,0
11564,1,70,0
11564,4,66,1
11564,8,36,1
11565,1,56,0
11565,5,67,0
11567,3,71,0
11567,8,36,0
11567,10,51,0
11570,2,59,0
11570,5,62,0
11570,10,48,0
11571,3,53,0
11571,5,60,0
11571,8,36,0
11573,11,60,1
11576,3,73,0
11576,8,36,0
11576,10,48,0
11578,1,44,0
11578,4,41,0
11578,9,36,0
11578,11,36,0
11579,2,63,1
11579,4,44,0
11579,7,36,0
11579,11,40,0
11580,3,62,0
11580,5,38,0
11580,7,36,0
11580,11,44,0
11582,1,69,0
11582,4,51,0
11582,10,49,0
11583,1,67,0
11583,4,41,0
11583,10,66,1
11585,2,40,0
11585,5,39,0
11585,11,53,0
11591,3,56,0
11591,5,61,1
11591,7,36,0
11592,2,42,0
11592,9,36,1
11592,11,50,0
11594,1,39,0
11594,9,36,0
11594,11,36,0
11596,2,55,0
11596,5,59,0
11596,7,36,0
11600,2,57,1
11600,4,42,0
11600,7,36,0
11600,10,40,0
11601,1,39,0
11601,5,37,0
11601,9,36,0
11603,1,58,0
11603,3,60,0
11603,6,36,0
11604,2,46,0
11604,4,60,0
11604,6,36,0
11604,9,36,0
11609,5,61,1
11609,8,36,0
11609,11,50,1
11613,1,62,0
11613,3,60,0
11613,6,36,0
11614,1,54,0
11614,4,56,0
11614,9,36,1
11619,3,44,0
11619,8,36,0
11619,10,51,0
11619,12,36,0
11623,5,50,0
11623,7,36,0
11623,9,36,0
11623,11,41,0
11625,4,49,0
11625,7,36,0
11625,10,42,0
11626,4,64,0
11626,6,36,0
11626,8,36,1
11626,11,45,0
11632,5,41,0
11632,7,36,0
11632,10,49,0
11632,12,36,1
11634,2,43,0
11634,5,42,0
11634,9,36,0
11635,3,54,0
11635,6,36,0
11635,10,55,0
11635,12,36,0
11636,1,63,0
11636,3,69,1
11636,9,36,1
11640,1,43,0
11640,3,49,1
11640,5,73,1
11644,1,67,0
11644,3,55,0
11644,9,36,0
11651,3,51,0
11651,6,36,0
11651,12,36,0
11669,4,43,0
11669,6,36,0
11669,9,36,0
11669,11,44,0
11671,3,67,0
11671,5,72,0
11671,7,36,1
11678,2,72,1
11678,5,51,0
11678,10,46,0
11691,2,66,0
11691,4,48,1
11691,10,55,0
11707,4,41,1
11707,10,53,0
11707,12,36,1
11712,6,36,0
11712,9,36,0
11712,11,44,0
11717,2,59,0
11717,4,64,0
11717,8,36,0
11718,2,69,0
11718,4,61,0
11718,7,36,0
11727,3,71,0
11727,5,67,1
11727,8,36,1
11729,4,56,0
11729,6,36,0
11729,8,36,0
11729,10,53,0
11730,1,51,0
11730,5,43,1
11730,10,72,0
11731,5,42,0
11731,8,36,0
11731,10,45,0
11731,12,36,0
11742,3,63,0
11742,5,58,0
11742,9,36,0
11743,1,61,0
11743,3,63,0
11743,5,56,0
11745,5,61,0
11745,8,36,0
11745,11,50,0
11756,8,36,0
11760,11,69,0
11800,5,45,1
11800,12,36,0
11801,3,71,0
11801,5,64,1
11801,8,36,0
11802,5,40,0
11802,8,36,0
11802,10,38,0
11803,1,65,0
11803,3,70,0
11803,6,36,0
11804,6,36,0
11804,10,67,0
11804,12,36,0
11805,4,65,0
11805,6,36,0
11805,10,61,0
11806,1,72,0
11806,4,59,0
11806,11,36,0
11807,1,64,0
11807,4,57,0
11807,6,36,0
11808,1,67,0
11808,5,61,0
11808,8,36,0
11809,2,50,0
11809,5,41,0
11809,7,36,0
11809,11,45,0
11810,5,67,0
11810,10,52,1
11812,1,43,0
11812,4,61,0
11812,8,36,0
11813,4,57,0
11813,7,36,0
11813,9,36,0
11813,12,36,1
11815,1,42,0
11815,10,49,1
11816,2,52,1
11816,6,36,0
11816,10,56,0
11816,12,36,0
11822,6,36,0
11822,8,36,1
11822,10,43,0
11822,12,36,0
11824,1,53,0
11824,4,42,0
11824,7,36,0
11824,9,36,1
11825,3,60,0
11825,5,38,0
11825,7,36,0
11825,12,36,0
11829,1,51,0
11829,3,72,0
11829,5,48,0
11836,1,38,0
11836,4,41,0
11836,7,36,0
11836,10,45,0
11846,5,52,1
11846,7,36,0
11848,12,36,0
11850,2,72,1
11850,4,39,0
11850,7,36,1
11850,12,36,1
11853,3,41,0
11853,9,36,0
11853,11,36,0
11857,2,72,0
11857,5,36,0
11857,7,36,0
11857,9,36,0
11858,5,44,0
11858,8,36,0
11858,10,51,1
11858,12,36,0
11861,9,36,0
11861,11,69,1
11862,2,37,0
11862,5,47,0
11862,7,36,1
11862,10,39,1
11864,2,54,0
11864,4,64,0
11864,7,36,0
11865,4,54,0
11865,7,36,0
11865,9,36,0
11865,11,52,0
11866,3,70,0
11866,7,36,0
11866,12,36,0
11867,2,37,0
11867,10,38,0
11869,2,44,1
11869,9,36,0
11869,11,48,0
11870,2,39,0
11870,10,43,0
11872,1,65,0
11872,3,73,0
11872,7,36,0
11874,3,43,0
11874,7,36,0
11874,11,60,0
11880,1,44,0
11880,4,49,0
11883,4,62,1
11883,6,36,0
11883,9,36,0
11883,12,36,0
11884,1,65,0
11884,5,45,0
11884,7,36,0
11888,3,66,0
11888,8,36,0
11888,10,68,0
11953,2,59,0
11953,5,44,0
11953,8,36,0
11953,12,36,0
12102,3,40,0
12102,5,43,0
12102,9,36,0
12102,11,50,0
12104,1,67,0
12104,3,64,0
12104,8,36,0
12112,2,50,0
12112,5,40,0
12112,11,57,1
12124,1,54,0
12124,4,51,0
12124,6,36,0
12124,11,42,0
12126,1,55,0
12126,5,40,1
12126,10,61,1
12131,3,55,0
12131,9,36,0
12131,12,36,0
12134,2,44,0
12134,4,43,0
12134,7,36,0
12134,11,58,0
12137,2,52,1
12137,6,36,0
12137,10,44,0
12137,12,36,0
12139,1,55,1
12139,3,64,0
12139,5,39,0
12139,6,3,0
12140,5,39,1
12140,9,36,1
12140,11,51,1
12143,4,50,1
12143,10,39,0
12143,12,36,1
12149,4,37,0
12149,7,36,0
12149,10,50,0
12149,12,36,0
12151,1,42,0
12151,4,56,1
12151,11,50,0
12153,1,57,1
12153,6,36,0
12153,10,45,1
12157,1,41,0
12157,3,36,0
12157,5,37,0
12157,7,36,0
12164,1,67,1
12164,3,60,0
12164,6,36,0
12168,5,55,1
12168,7,36,0
12168,11,56,0
12169,5,57,0
12169,7,25,0
12169,8,11,0
12169,10,58,0
12174,2,42,0
12174,11,55,0
12182,3,64,0
12182,5,38,0
12182,7,36,0
12182,9,36,0
12185,2,62,0
12185,5,47,0
12185,9,36,0
12185,12,36,0
12187,2,38,0
12187,4,63,0
12187,7,36,0
12187,10,37,0
12190,4,71,0
12190,7,36,0
12190,11,36,0
12196,5,39,0
12196,9,36,0
12197,5,62,0
12197,7,36,0
12197,9,36,0
12197,12,36,0
12198,2,65,1
12198,4,66,0
12198,7,36,1
12199,1,56,0
12199,5,54,0
12199,7,36,0
12199,10,36,0
12201,4,65,1
12201,6,36,1
12201,10,49,0
12202,3,60,0
12202,5,59,0
12202,8,36,0
12204,5,62,0
12204,7,36,0
12204,10,73,0
12206,1,40,1
12206,4,58,1
12206,6,36,0
12206,9,36,0
12207,1,66,0
12207,8,36,0
12207,11,61,0
12208,5,57,0
12208,9,36,0
12208,11,44,0
12214,5,36,0
12214,7,36,0
12214,9,36,0
12214,11,40,0
12215,4,38,0
12215,6,36,1
12215,8,36,0
12215,11,40,0
12216,4,70,0
12216,6,36,0
12216,8,36,0
12216,12,36,0
12217,2,70,0
12217,4,73,0
12217,9,36,0
12218,1,42,0
12218,6,36,0
12218,10,41,0
12219,3,58,0
12219,5,36,1
12219,7,36,1
12219,11,49,1
12220,1,69,0
12220,3,57,0
12220,7,36,0
12226,4,53,0
12226,8,36,0
12226,10,43,1
12226,12,36,1
12228,2,52,0
12228,4,63,0
12228,8,36,0
12230,1,48,0
12230,3,56,1
12230,5,54,0
12243,1,57,0
12243,4,46,0
12243,6,36,0
12243,8,36,0
12245,3,46,0
12245,5,44,1
12245,8,36,0
12245,12,36,0
12247,3,69,0
12247,5,73,0
12247,9,36,0
12248,4,68,1
12248,10,57,0
12249,7,36,0
12249,9,36,1
12249,11,56,1
12250,2,36,0
12250,4,67,0
12250,6,36,0
12250,8,36,0
12259,1,46,0
12259,9,36,1
12259,11,49,1
12260,1,53,1
12260,5,38,1
12260,10,44,0
12261,7,36,0
12261,10,41,0
12263,6,36,0
12263,10,47,0
12263,12,36,0
12268,2,42,0
12268,5,67,0
12268,8,36,0
12268,12,36,0
12270,3,53,0
12270,7,36,0
12270,9,36,0
12270,12,36,0
12271,2,61,0
12271,7,36,0
12271,10,45,0
12271,12,36,0
12272,1,51,0
12272,4,70,0
12272,6,36,0
12274,4,62,0
12274,10,73,0
12274,12,36,0
12278,2,60,1
12278,4,38,1
12278,6,36,0
12278,9,36,1
12280,1,63,0
12280,3,58,0
12280,5,63,0
12282,2,57,0
12282,5,44,0
12282,9,36,0
12282,12,36,0
12287,1,38,0
12287,3,64,0
12287,5,62,0
12289,2,45,0
12289,4,56,0
12289,8,36,0
12289,12,36,0
12292,7,36,0
12292,11,64,0
12293,1,53,1
12293,3,63,1
12293,5,61,0
12297,2,39,0
12297,4,59,0
12297,10,47,1
12297,12,36,0
12301,4,54,0
12301,6,36,0
12301,12,36,0
12305,2,58,0
12305,4,72,0
12305,6,36,0
12310,1,45,1
12310,3,62,0
12310,10,53,1
12324,2,68,0
12324,4,54,0
12324,7,36,0
12331,5,63,1
12331,11,63,0
12333,2,51,0
12333,8,36,0
12333,10,38,0
12333,12,36,0
12338,2,46,0
12338,8,36,0
12338,10,60,0
12338,12,36,0
12349,2,54,1
12349,4,40,0
12349,10,72,1
12352,3,44,0
12352,5,55,0
12352,8,36,0
12357,1,69,0
12357,2,1,0
12357,4,50,0
12357,9,36,0
12359,1,47,0
12359,3,45,0
12359,6,36,1
12359,8,36,0
12361,2,53,0
12361,4,62,0
12361,10,50,0
12362,1,46,0
12362,5,60,1
12362,10,60,0
12366,1,40,0
12366,5,64,0
12366,9,36,0
12368,1,44,0
12368,3,59,0
12368,5,54,0
12371,3,51,0
12371,6,36,0
12371,10,65,0
12373,4,66,0
12373,7,36,0
12373,10,53,0
12377,1,48,1
12377,5,53,0
12377,7,36,0
12377,10,42,0
12379,7,36,0
12379,9,36,1
12379,11,53,0
12383,3,61,0
12383,6,36,0
12383,10,36,1
12385,2,37,1
12385,5,39,0
12385,10,73,0
12386,2,53,0
12386,4,73,0
12386,6,36,0
12389,3,71,0
12389,5,63,1
12389,8,36,1
12390,2,50,0
12390,4,71,0
12390,6,36,0
12391,1,56,1
12391,3,58,0
12391,10,39,1
12393,5,57,0
12393,12,36,0
12395,2,46,1
12395,7,36,1
12395,10,65,0
12398,3,53,0
12398,8,36,0
12398,12,36,1
12399,3,51,0
12399,5,44,1
12399,7,36,1
12399,9,36,0
12404,3,73,0
12404,5,53,1
12404,9,36,0
12410,1,61,0
12410,5,67,0
12410,9,36,0
12413,3,49,0
12415,4,37,1
12415,8,36,1
12415,11,56,1
12418,3,73,0
12418,8,36,1
12418,10,38,0
12418,12,36,0
12419,5,55,0
12419,7,36,0
12419,9,36,0
12420,2,56,0
12420,4,70,0
12420,8,36,0
12422,7,36,0
12422,11,63,0
12428,1,55,1
12428,3,44,0
12428,5,49,0
12428,7,36,0
12429,1,56,0
12429,4,49,0
12429,7,36,0
12429,9,36,0
12437,2,55,0
12437,4,65,0
12437,9,36,0
12441,3,72,0
12441,5,47,0
12441,8,36,0
12442,2,67,0
12442,5,44,1
12442,7,36,0
12442,9,36,1
12444,3,50,0
12444,8,36,0
12444,10,39,0
12444,12,36,0
12447,2,62,0
12447,7,36,0
12447,9,36,1
12450,2,68,0
12450,7,36,1
12450,11,44,0
12454,2,55,0
12454,4,38,0
12454,6,36,0
12455,3,38,0
12455,11,61,0
12456,2,67,0
12456,10,40,1
12459,2,52,1
12459,8,36,0
12459,11,60,0
12460,1,63,0
12460,4,36,0
12460,10,56,0
12463,1,40,0
12463,3,41,0
12463,5,62,1
12463,8,36,0
12465,5,50,0
12465,10,36,0
12465,12,36,0
12466,1,49,1
12466,4,37,1
12466,7,36,1
12466,10,47,1
12467,4,62,0
12467,7,36,0
12467,10,45,0
12471,1,57,0
12471,4,57,1
12471,10,66,0
12473,1,72,0
12473,3,53,0
12473,7,36,1
12481,5,49,0
12481,7,36,1
12481,10,60,1
12481,12,36,0
12485,3,61,0
12485,5,61,0
12485,8,36,0
12495,3,45,0
12495,5,53,0
12495,10,60,1
12497,2,69,0
12497,4,38,0
12497,6,36,0
12497,9,36,1
12498,1,53,0
12498,4,38,0
12498,11,72,0
12499,5,38,0
12499,9,36,0
12499,12,36,0
12501,1,61,0
12501,3,70,1
12501,5,44,0
12504,4,64,0
12504,8,36,0
12504,10,42,1
12507,2,53,0
12507,6,36,0
12507,10,72,0
12508,1,51,1
12508,3,64,1
12508,5,65,1
12512,1,69,1
12512,4,63,1
12512,8,36,1
12513,2,71,0
12513,5,69,0
12513,9,36,0
12515,1,36,0
12515,3,36,0
12515,8,36,0
12515,10,36,1
12523,2,55,0
12523,5,39,0
12523,7,36,0
12523,12,36,0
12536,4,39,0
12536,6,36,0
12536,10,48,0
12536,12,36,0
12537,2,42,0
12537,5,67,0
12537,8,36,0
12537,11,36,0
12544,1,37,0
12544,3,65,0
12544,5,45,0
12544,9,36,1
12546,2,59,1
12546,5,43,0
12546,7,36,0
12546,9,36,1
12551,3,43,0
12551,5,69,0
12551,10,37,0
12560,3,71,1
12565,6,36,0
12565,11,43,0
12566,3,55,0
12566,9,36,0
12567,2,39,0
12567,4,66,0
12567,11,41,0
12577,1,56,1
12577,3,43,1
12577,5,56,0
12584,2,72,0
12584,4,38,0
12584,7,36,0
12584,12,36,1
12586,2,42,1
12586,4,73,0
12586,6,36,1
12587,3,50,1
12587,5,59,0
12587,7,36,0
12589,1,38,0
12589,11,69,1
12590,1,58,0
12590,4,58,0
12590,7,36,0
12591,4,38,0
12591,10,61,1
12591,12,36,0
12594,2,61,0
12594,4,61,0
12594,6,36,0
12596,1,52,0
12596,4,41,0
12596,10,67,0
12597,2,40,0
12597,5,37,0
12597,10,39,1
12602,2,54,0
12602,5,62,0
12602,8,36,0
12606,4,38,0
12606,10,48,1
12606,12,36,0
12619,1,43,0
12619,4,55,0
12619,6,36,0
12619,9,36,0
12624,2,49,1
12624,6,36,0
12624,9,36,1
12626,2,38,0
12626,5,43,0
12626,7,36,0
12626,11,53,0
12630,2,59,0
12630,4,57,0
12630,6,36,0
12634,3,47,0
12634,8,36,0
12634,11,56,0
12643,1,37,0
12643,5,47,0
12643,8,36,0
12644,2,51,0
12644,6,36,0
12644,10,64,0
12672,1,63,0
12672,5,49,1
12672,8,36,0
12689,1,36,0
12689,3,44,0
12689,5,38,0
12689,10,56,0
12704,2,45,1
12704,4,40,0
12704,8,36,0
12704,11,36,0
12729,2,58,0
12729,5,57,0
12729,7,36,0
12745,2,49,0
12745,8,36,0
12745,10,65,0
12756,1,52,0
12756,5,49,0
12756,7,36,0
12756,11,44,0
12762,2,46,0
12762,4,59,0
12762,6,36,0
12762,12,36,0
12766,1,57,0
12766,3,61,0
12766,7,36,0
12767,4,69,0
12767,10,61,0
12770,3,60,0
12770,9,36,0
12779,1,71,0
12779,5,66,1
12805,1,41,0
12805,5,68,0
12805,7,36,0
12811,2,60,0
12811,5,72,0
12811,9,36,0
12819,1,70,0
12819,5,62,0
12819,9,36,1
12839,1,58,0
12839,4,40,0
12839,9,36,0
12839,11,36,0
12840,3,73,0
12840,5,67,0
12840,7,36,1
12843,4,53,0
12843,6,36,0
12843,8,36,0
12843,12,36,0
12844,2,58,0
12844,5,51,1
12844,10,45,1
12846,2,69,0
12846,4,65,0
12846,10,48,0
12847,2,36,0
12847,4,51,0
12847,8,36,0
12847,10,42,0
12850,2,64,0
12850,4,45,1
12850,7,36,0
12850,9,36,0
12903,5,62,0
12903,10,43,0
12904,1,64,0
12904,8,36,0
12904,10,52,0
12906,3,53,0
12906,5,38,1
12906,10,41,0
12908,3,41,0
12908,5,60,1
12908,8,36,1
12908,10,39,0
12909,1,38,0
12909,3,57,0
12909,7,36,0
12909,10,49,0
12910,1,60,1
12910,7,36,1
12910,10,64,1
12915,2,64,1
12915,4,56,0
12915,6,36,0
12917,2,43,1
12917,5,59,0
12917,10,36,1
12922,4,66,0
12922,7,36,0
12922,9,36,1
12923,2,44,0
12923,6,36,0
12923,9,36,0
12923,11,55,0
12924,1,46,0
12924,4,42,0
12924,9,36,1
12924,11,49,1
13541,3,61,1
13541,5,57,0
13541,7,36,0
13548,1,55,0
13548,3,36,0
13548,5,63,0
13550,1,48,0
13550,3,71,0
13550,7,36,0
15005,5,39,0
15005,7,36,0
15005,9,36,1
15005,11,64,1
15011,1,62,0
15011,3,67,0
15011,7,36,0
15034,7,36,0
15034,11,66,0
15035,2,43,0
15035,10,40,0
15035,12,36,0
15050,2,38,1
15050,4,65,0
15050,6,36,0
15050,10,37,0
15052,5,39,1
15052,9,36,1
15052,11,62,0
15053,2,42,1
15053,5,48,0
15053,10,57,0
15053,12,36,0
15060,3,42,0
15060,5,69,0
15060,10,38,0
15064,4,53,0
15064,7,36,0
15064,10,63,0
15067,1,70,0
15067,6,36,0
15067,11,72,0
15069,1,62,1
15069,3,46,1
15069,7,36,1
15069,9,36,0
15084,1,37,0
15084,4,69,0
15084,11,67,0
15085,3,50,0
15085,5,43,0
15085,8,36,0
15085,10,50,0
15086,1,70,0
15086,3,56,0
15086,6,36,0
15087,3,63,0
15087,6,36,0
15087,8,36,1
15087,11,42,1
15088,2,65,0
15088,5,36,0
15088,8,36,0
15088,12,36,0
15089,8,36,0
15089,11,70,0
15093,3,47,0
15093,6,36,0
15093,8,36,0
15093,10,50,0
15096,2,49,1
15096,5,39,1
15099,2,54,0
15099,5,64,0
15099,8,36,0
15102,2,68,0
15102,5,65,0
15103,3,50,0
15103,5,36,0
15103,8,36,0
15103,10,42,0
15104,1,52,1
15104,3,57,0
15104,10,60,1
15111,2,38,0
15111,5,37,0
15111,8,36,0
15111,10,63,0
15113,1,62,0
15113,4,49,0
15113,10,64,1
15114,2,44,0
15114,6,36,0
15114,11,44,0
15115,2,57,0
15115,11,45,0
15117,5,57,0
15117,10,52,0
15117,12,36,0
15118,1,56,0
15118,5,57,0
15118,11,66,0
15122,3,41,0
15122,7,36,0
15122,9,36,1
15123,6,36,1
15123,9,36,0
15123,11,49,1
15125,1,63,0
15125,3,51,0
15125,6,36,0
15127,1,66,0
15127,9,36,0
15139,2,56,0
15139,3,17,1
15139,7,36,0
15139,12,36,1
15140,3,52,0
15140,5,58,0
15140,8,36,0
15140,12,36,0
15141,4,63,1
15141,6,36,0
15141,8,36,0
15141,10,43,0
15142,1,65,0
15142,3,71,0
15142,8,36,0
15148,5,73,0
15148,10,50,0
15148,12,36,0
15149,2,68,1
15149,4,68,0
15149,6,36,0
15151,3,54,0
15151,5,48,0
15151,10,51,0
15159,2,38,0
15159,4,57,0
15159,9,36,0
15159,11,53,0
15165,3,47,1
15165,8,36,0
15165,10,41,0
15166,5,38,1
15166,10,67,0
15172,1,64,0
15172,3,61,0
15183,3,65,0
15183,5,61,0
15183,7,36,0
15185,3,47,0
15185,5,70,0
15185,11,43,0
15186,1,61,0
15186,8,36,0
15186,10,67,1
15187,1,69,0
15187,6,36,0
15187,9,36,0
15190,5,44,0
15190,7,36,0
15190,9,36,1
15190,12,36,0
15191,2,62,0
15191,5,54,0
15191,7,36,0
15192,6,36,0
15192,11,38,0
15197,7,36,0
15197,9,36,0
15199,3,38,0
15199,5,56,0
15199,10,72,1
15200,2,70,0
15200,4,68,0
15200,8,36,0
15203,4,55,0
15203,10,60,0
15203,12,36,0
15205,5,37,0
15205,9,36,0
15205,12,36,1
15206,1,68,1
15206,3,49,0
15206,5,61,0
15208,1,48,0
15208,4,46,1
15208,10,49,0
15211,2,38,1
15211,10,67,1
15211,12,36,0
15212,5,56,0
15212,8,36,0
15212,11,36,0
15213,7,36,0
15213,10,62,0
15213,12,36,0
15214,1,38,0
15214,3,70,0
15214,5,67,0
15215,2,53,1
15215,4,60,1
15215,6,36,0
15217,2,45,1
15217,6,36,0
15217,11,59,0
15218,1,48,1
15218,3,48,0
15218,5,60,1
15219,2,66,0
15219,5,71,1
15219,7,36,0
15224,5,69,0
15224,8,36,0
15224,11,36,0
15225,2,43,1
15225,4,68,1
15225,6,36,1
15225,8,36,0
15226,2,61,0
15226,7,36,0
15226,10,64,0
15227,9,36,0
15227,12,36,0
15228,1,60,0
15228,3,67,0
15228,5,52,0
15229,1,55,1
15229,5,44,0
15229,9,36,0
15231,4,56,0
15231,8,36,0
15231,11,51,0
15306,5,44,0
15306,7,36,0
15306,9,36,0
15306,12,36,0
15309,1,52,0
15309,3,40,0
15309,8,36,0
15313,4,66,1
15313,7,36,0
15313,9,36,1
15313,12,36,0
15315,1,50,0
15315,3,38,0
15315,4,8,0
15315,10,60,0
15318,2,62,0
15318,4,64,0
15318,6,36,0
15320,1,51,0
15320,3,42,0
15320,10,68,0
15324,2,72,0
15324,5,58,0
15324,9,36,0
15325,3,53,0
15325,7,36,1
15325,9,36,0
15333,2,70,0
15333,4,72,0
15333,7,36,0
15336,2,64,0
15336,5,40,0
15336,7,36,0
15336,9,36,0
15337,2,37,0
15337,5,58,0
15337,7,36,0
15337,10,38,0
15339,2,53,0
15339,5,55,0
15339,10,57,0
15344,1,49,1
15344,3,52,1
15344,7,36,0
15344,9,36,0
15345,4,69,0
15345,8,36,0
15345,10,53,0
15356,3,42,0
15356,5,60,0
15356,7,36,0
15356,9,36,0
15361,3,36,0
15361,5,64,0
15361,9,36,0
15361,11,46,0
15362,1,45,0
15362,3,63,0
15362,5,54,0
15367,3,36,0
15367,7,36,1
15367,10,54,0
85006,1,69,0
85006,4,45,0
85006,6,36,0
85017,2,49,0
85017,5,49,0
85017,10,38,0
85017,12,36,0
85142,1,66,1
85142,3,60,0
85142,5,52,0
85143,5,68,1
85143,8,36,0
85143,10,44,0
85143,12,36,0
85157,2,39,1
85157,5,61,0
85157,7,36,1
85157,10,47,0
85158,5,62,0
85158,8,36,0
85158,10,53,0
85160,3,70,1
85160,5,48,1
85160,7,36,0
85193,2,37,1
85193,5,73,1
85193,7,36,0
85193,9,36,0
85196,7,36,0
85196,11,47,0
85197,2,72,0
85197,4,49,0
85197,5,19,0
85197,8,36,0
85198,2,40,0
85198,5,54,0
85198,10,49,0
85198,12,36,0
85203,1,48,1
85203,4,44,0
85203,6,36,0
85203,10,45,0
85225,2,47,0
85225,4,38,0
85225,8,36,0
85225,10,46,0
85305,3,52,0
85305,5,48,0
85305,10,64,1
85317,2,37,0
85317,5,42,0
85317,7,36,0
85317,10,58,1
85327,4,56,0
85327,7,36,1
85327,11,36,1
85345,2,59,0
85345,4,72,1
85345,6,36,0
85346,1,58,0
85346,3,59,0
85346,6,19,0
85346,7,17,0
85369,2,52,0
85369,10,47,0
85369,12,36,0
85370,1,61,0
85370,3,59,0
85370,8,36,0
85373,4,56,1
85373,7,36,0
85373,9,36,0
85373,12,36,0
85376,2,51,0
85376,4,43,0
85376,12,36,0
85408,1,62,0
85408,3,49,0
85408,8,36,0
85417,1,38,1
85417,3,61,0
85417,8,36,0
85417,10,43,0
85433,1,43,1
85433,10,59,1
85560,1,65,1
85560,4,66,0
85560,10,48,0
85617,2,60,0
85617,4,39,1
85617,7,36,1
85617,11,41,0
85632,3,58,0
85632,5,42,0
85632,9,36,0
85634,3,61,1
85634,5,43,0
85634,11,42,0
86196,4,65,0
86196,9,36,0
86196,12,36,0
86197,1,70,0
86197,4,65,0
86197,6,36,1
86201,1,71,0
86201,9,22,0
86201,10,14,0
86202,3,60,0
86202,6,36,0
86202,8,36,0
86202,10,40,0
86203,2,52,0
86203,4,39,0
86203,6,36,0
86203,8,36,0
86205,3,39,0
86205,7,36,0
86205,9,36,0
86205,11,56,0
86206,1,59,0
86206,3,45,0
86206,5,42,0
86207,6,36,0
86207,8,36,0
86207,10,44,0
86207,12,36,0
86209,1,43,0
86213,1,50,0
86213,4,55,0
86213,8,36,0
86214,2,58,0
86214,5,47,0
86214,9,36,0
86214,12,36,0
86218,3,57,0
86218,7,36,0
86218,9,36,0
86223,5,37,0
86223,7,36,0
86223,9,36,0
86368,4,39,0
86368,6,36,0
86368,8,36,0
86368,10,64,0
86375,1,36,1
86375,3,65,0
86375,5,56,0
86411,1,41,0
86411,3,64,0
86411,10,73,0
86416,2,49,0
86416,4,52,1
86416,7,36,0
86416,10,44,0
86460,1,73,1
86460,3,50,1
86460,5,40,1
86486,1,40,0
86486,3,56,0
86486,5,37,0
86486,7,36,0
86524,2,58,0
86524,4,40,0
86524,12,36,0
86531,1,40,0
86531,4,57,0
86531,10,55,0
86782,1,56,0
86782,4,70,1
86782,11,51,0
86819,1,51,0
86819,5,54,0
86819,11,49,0
86828,1,43,1
86828,4,49,1
86828,6,36,0
86828,8,36,1
86896,3,47,0
86896,5,66,0
86896,9,36,0
86926,2,73,0
86926,5,40,1
86926,8,36,0
86927,2,42,0
86927,9,36,0
86927,12,36,0
86942,1,46,1
86942,6,36,0
86942,8,36,1
86942,10,55,1
86988,3,67,1
86988,5,52,0
86988,10,64,1
86989,4,41,1
86989,6,36,1
86989,10,41,0
86989,12,36,1
87004,5,66,0
87004,7,36,0
87004,9,36,0
87022,1,41,0
87022,3,36,0
87022,6,36,0
87022,8,36,0
87038,4,46,0
87038,6,36,0
87038,8,36,0
87038,12,36,0
87237,9,36,0
87237,11,58,0
87255,2,70,0
87255,10,48,0
87255,12,36,1
87609,1,73,0
87609,4,55,0
87609,8,36,0
87620,6,36,0
87620,9,36,0
87620,11,44,1
87709,1,49,0
87709,3,58,0
87709,5,38,0
87709,7,36,1
87711,7,36,1
87711,10,38,0
87711,12,36,0
87716,5,63,0
87716,9,36,0
87716,11,41,0
87717,3,64,0
87717,8,36,0
87717,11,55,1
87718,4,61,1
87718,6,36,0
87718,12,36,0
87721,1,41,0
87721,3,66,0
87735,4,38,0
87735,8,36,0
87735,10,55,0
87735,12,36,0
87737,1,55,0
87737,4,36,1
87737,6,36,0
87738,3,67,1
87738,5,41,1
87738,7,36,1
87738,9,36,0
87747,4,70,1
87747,9,36,0
87747,11,64,0
87752,2,57,1
87752,5,69,1
87752,9,36,0
87767,2,49,0
87767,9,36,0
87767,11,43,0
87774,2,45,1
87774,4,69,0
87774,6,36,0
87795,5,47,1
87795,7,36,0
87795,9,36,1
87796,1,66,0
87796,6,36,0
87796,9,36,0
87812,1,36,0
87812,3,70,0
87812,8,36,0
87812,11,40,0
87832,5,39,0
87832,9,36,0
87832,12,36,0
87834,2,56,1
87834,4,58,1
87834,9,36,1
87835,4,44,0
87835,7,36,0
87835,11,46,0
87860,1,60,0
87860,4,65,0
87860,8,36,0
87893,2,53,0
87893,5,49,0
87893,7,36,0
87893,12,36,0
87902,1,39,0
87902,4,70,1
87902,7,36,0
87945,2,59,0
87945,4,69,0
87945,6,36,0
88018,4,57,0
88018,9,36,0
88018,11,54,0
88086,3,61,1
88086,5,37,0
88086,7,36,0
88086,9,36,1
88281,1,36,1
88281,3,36,0
88281,7,36,1
88281,10,72,1
88434,1,54,0
88434,3,48,0
88434,5,56,0
88502,5,58,1
88502,7,36,0
88502,9,36,0
88502,12,36,0
88819,1,64,0
88819,3,58,0
88819,7,36,1
88842,3,38,0
88842,8,36,0
88842,11,68,0
89433,3,45,1
89433,9,36,0
89623,1,64,0
89623,5,72,0
89623,7,36,0
89627,1,44,1
89627,4,53,1
89627,6,36,0
89627,8,36,0
90502,2,46,0
90502,5,37,0
90502,8,36,0
90502,10,58,0
90513,3,56,0
90513,5,49,0
90513,10,49,1
90582,1,67,0
90582,5,39,0
90582,7,36,0
90657,5,59,0
90657,8,23,0
90657,9,13,0
90657,11,71,0
91083,3,56,0
91083,5,57,0
91083,8,36,0
91572,1,40,1
91572,4,68,0
91572,6,36,0
91573,1,60,1
91573,3,72,0
91573,5,46,0
91708,4,51,0
91708,9,36,1
91708,11,60,1
91881,2,64,1
91881,4,61,0
91881,8,36,1
91946,1,73,0
91946,3,40,0
91946,5,55,0
92171,3,58,0
92171,6,36,0
92171,10,59,0
92262,2,49,0
92262,5,42,0
92262,12,36,0
92288,1,65,0
92288,3,53,0
92288,5,47,0
92312,3,41,0
92312,5,55,0
92312,8,36,0
92312,10,43,0
93173,1,49,0
93173,5,40,1
93173,9,36,1
93180,4,54,0
93180,8,36,0
93180,12,36,0
93250,2,55,0
93250,10,45,0
93271,4,50,1
93271,7,36,0
93271,9,36,0
93271,11,54,1
93457,2,68,0
93457,5,65,1
93457,7,36,0
93625,1,63,1
93625,3,36,0
93625,5,49,0
93625,9,36,0
94897,1,66,0
94897,3,44,0
94897,11,53,0
94901,3,59,0
94901,8,36,0
95311,4,58,0
95311,7,36,0
95311,10,51,0
95311,12,36,0
95315,5,58,0
95315,7,36,1
95315,10,41,1
95315,12,36,1
95784,7,36,1
95784,11,53,0
95803,1,59,0
95803,9,36,0
95803,11,63,0
95861,1,59,1
95861,3,72,0
95861,7,36,0
95997,2,48,1
95997,5,70,1
95997,7,36,0
96052,1,49,0
96052,3,73,0
96052,5,57,0
96055,4,69,0
96055,6,36,0
96055,9,36,0
96055,11,36,0
96126,3,60,1
96126,5,56,1
96153,1,61,0
96153,4,56,0
96153,6,36,0
96343,3,48,0
96343,10,46,0
96348,2,59,1
96348,6,36,0
96348,10,63,0
96350,2,42,0
96350,4,63,0
96350,6,36,0
96350,9,36,0
96403,2,47,0
96403,4,73,0
96403,8,36,1
96404,5,50,0
96404,10,55,0
96406,1,44,1
96406,3,67,1
96406,5,47,1
96441,5,58,0
96441,8,36,0
96441,10,64,0
96469,4,70,0
96469,6,36,1
96469,9,36,0
96469,11,40,0
96470,2,51,1
96470,5,72,1
96470,12,36,1
96471,2,38,0
96471,5,49,0
96471,8,36,0
96471,10,50,0
96510,1,52,0
96510,10,37,0
96512,2,52,0
96512,4,50,0
96512,9,36,0
96512,12,36,1
96581,2,71,0
96581,5,64,0
96581,7,36,0
96595,4,61,0
96595,6,36,1
96595,8,36,0
96595,11,51,0
96596,1,46,0
96596,3,51,0
96596,5,60,1
96605,4,52,0
96605,8,36,0
96605,11,55,0
96606,5,67,1
96606,9,36,1
96617,10,42,1
96618,2,54,0
96618,8,36,0
96618,11,59,0
96625,4,69,0
96625,7,36,0
96625,10,45,0
96656,1,39,0
96656,3,40,0
96656,8,36,0
96656,10,61,0
96677,2,71,0
96677,4,63,0
96677,10,50,0
96720,1,69,0
96720,3,55,0
96720,5,36,0
96747,2,68,0
96747,5,57,0
96747,11,49,0
96776,1,53,0
96776,4,59,1
96776,7,36,1
97017,3,52,0
97017,8,36,0
97017,12,36,0
97832,1,72,1
97832,4,63,0
97832,7,36,1
97851,5,45,0
97851,8,36,0
97851,11,66,0
98700,3,57,1
98700,6,36,0
98700,9,36,1
98700,12,36,1
99848,3,52,0
99848,7,36,0
99848,9,36,0
100335,1,44,0
100335,4,65,1
100335,7,36,0
100335,10,39,1
103432,4,64,1
103432,8,36,1
103432,10,73,1
3722,2,49,0
3773,1,18,0
3773,2,29,0
3773,6,36,0
3773,9,36,0
3783,1,40,0
3783,6,36,0
3800,1,39,0
3800,4,48,1
3800,8,36,0
3800,10,40,0
3800,11,6,1
4717,3,47,0
4717,5,52,0
4717,8,36,0
4717,10,41,0
4782,7,36,0
4782,11,48,0
4901,2,50,0
4901,4,38,0
4901,6,36,0
10922,2,45,1
10922,6,36,0
10922,8,36,1
10922,10,45,0
11831,4,52,0
11831,8,36,0
11831,12,36,0
11839,5,46,1
11839,8,36,1
11839,11,44,1
12302,6,36,0
12302,10,36,0
12306,3,50,0
12306,9,36,0
12396,1,50,1
12396,7,36,0
12396,9,36,0
12484,7,36,0
12484,12,36,0
12526,2,36,0
12526,10,37,0
12531,2,46,0
12531,5,46,0
12531,8,36,0
12631,3,43,1
12631,5,46,0
12631,9,36,0
12631,11,44,0
15198,1,4,0
15198,2,39,0
15198,4,57,0
15198,6,36,0
15198,12,32,0
15204,3,56,1
15204,5,43,1
15204,8,36,0
15204,12,36,0
85396,2,40,1
85396,4,36,1
85396,12,36,1
85581,3,45,0
85581,7,36,0
85581,9,36,0
85581,11,52,0
85582,6,36,0
85582,10,59,0
85588,2,46,0
85588,4,56,1
85588,12,36,0
85590,2,37,1
85590,4,50,0
85590,8,36,1
85590,10,53,0
90787,3,52,0
90787,8,36,0
90787,10,43,0
94338,2,57,0
94338,9,36,0
95786,2,42,1
95786,4,46,1
96360,1,54,0
96360,7,36,0
96360,10,58,0
96361,3,45,1
96361,11,45,1
96365,2,56,0
96365,9,36,0
96365,11,37,0
96464,2,47,0
96464,7,36,0
96464,11,51,1
96468,1,44,0
97043,2,48,0
97043,5,50,0
97097,1,42,1
97097,7,36,0
97099,3,54,0
97099,6,36,1
97099,8,36,0
97099,12,36,0
97100,1,42,0
97100,6,36,0
97100,9,36,0
97152,2,46,0
97152,5,58,1
97152,9,36,0
97154,1,54,0
97154,3,36,0
97154,10,53,0
97177,1,39,0
97177,6,36,0
97177,8,36,0
97214,3,39,0
97214,6,36,0
97214,8,36,0
97214,11,36,0
97240,7,36,0
97240,9,36,0
97244,2,45,0
97250,1,52,0
97250,3,39,0
97250,5,49,1
97250,9,36,0
97262,2,53,0
97262,3,6,0
97262,5,40,1
97262,9,36,0
97262,12,36,0
97265,1,51,0
97265,3,37,0
97265,6,36,0
97265,9,36,0
97279,1,37,0
97279,3,40,0
97279,6,36,0
97300,1,46,0
97300,9,36,1
97300,11,47,1
97377,3,42,0
97377,5,41,0
97377,9,36,1
97378,3,38,0
97378,5,58,0
97378,7,36,1
97378,11,39,1
97446,8,36,0
97447,6,36,0
97467,7,36,0
97467,9,36,1
97553,1,37,0
97553,4,46,0
97553,8,36,1
97556,2,48,0
97556,4,44,0
97556,8,4,0
97556,9,32,0
97557,8,36,0
97562,5,58,0
97562,9,36,0
97562,11,36,0
97791,2,56,0
97791,5,44,1
97791,11,42,1
97898,5,55,0
97899,9,36,0
97900,3,43,1
97900,4,8,0
97900,8,36,1
97900,12,36,1
97902,1,38,1
97902,5,49,0
97917,2,57,1
97917,9,36,1
97917,12,36,0
98119,2,43,0
98119,6,36,0
98119,8,36,0
98190,2,56,0
98190,6,36,1
98190,9,36,1
98192,2,38,0
98192,4,41,0
98192,8,36,1
98193,2,48,1
98193,12,36,0
98195,12,36,1
98197,1,54,0
98197,7,36,0
98197,9,36,0
98338,2,50,1
98338,9,36,0
98338,12,36,0
98571,3,49,1
98571,5,52,1
98571,8,36,1
98586,2,53,0
98586,4,57,0
98586,6,36,0
98586,12,36,0
98786,3,52,0
98828,1,40,0
98828,6,36,1
98828,8,36,0
98828,10,51,0
98973,2,48,0
98973,5,44,1
98973,9,36,0
98975,1,47,0
98975,4,47,0
98975,8,36,1
99085,1,40,1
99085,6,36,0
99085,11,51,1
99089,1,51,0
99089,11,44,0
99094,7,4,0
99094,8,32,1
99094,11,42,1
99095,1,53,0
99095,3,49,0
99095,8,36,0
99178,1,46,0
99178,3,59,1
99178,8,36,0
99365,3,55,0
99365,9,36,0
99365,11,37,0
99473,3,54,1
99473,7,36,1
99473,12,36,1
99602,1,53,0
99602,3,58,0
99602,5,53,0
99658,2,57,1
99658,4,45,0
99658,9,36,1
99658,12,36,1
99659,1,40,0
99659,8,36,0
99659,10,47,0
99706,3,39,0
99706,8,36,1
99706,12,36,0
99742,2,45,0
99742,5,51,0
99742,9,36,0
99943,2,40,0
99943,7,36,0
99943,12,36,0
100033,1,57,1
100033,4,7,0
100033,5,36,1
100033,8,36,0
100053,1,40,1
100053,3,39,1
100053,9,36,1
100073,2,51,0
100073,6,36,0
100073,10,58,1
100073,12,36,0
100213,1,38,1
100213,9,36,1
100213,11,48,1
100300,1,46,1
100300,3,59,0
100300,8,36,0
100339,4,47,0
100339,11,2,0
100339,12,57,0
100340,1,53,0
100340,3,54,1
100340,7,36,0
100340,9,36,0
100354,1,52,1
100354,5,56,0
100354,8,36,0
100586,3,42,0
100586,12,36,0
100600,1,59,1
100600,7,36,0
100600,9,36,0
100600,11,48,0
100626,1,51,0
100626,3,51,1
100626,5,36,1
100626,8,36,1
100632,1,45,0
100632,5,36,1
100632,9,36,0
100714,9,36,0
100714,11,43,0
100745,3,55,0
100745,7,36,0
100746,2,50,0
100746,7,36,1
100748,2,49,0
100748,5,45,0
100748,7,36,0
100748,11,44,0
100755,3,45,1
100755,5,59,0
100755,9,36,1
100755,12,36,1
100756,5,52,0
100756,7,36,0
100757,5,21,1
100757,6,29,0
100757,9,17,0
100757,10,19,0
100757,12,36,0
100767,1,54,0
100767,11,51,1
100775,2,50,0
100775,12,36,1
100783,1,52,0
100783,4,48,0
100783,8,36,0
100784,1,54,0
100784,5,47,0
100784,9,36,1
100967,1,51,0
100967,7,36,1
101051,2,36,0
101051,7,36,1
101051,11,52,0
101090,4,51,0
101103,4,46,0
101103,6,36,1
101103,9,36,0
101103,11,58,0
101105,4,49,0
101105,12,36,0
101448,1,48,1
101448,3,49,0
104126,3,43,0
104126,6,19,0
104126,7,17,0
104126,10,54,0
104126,12,36,0
104511,1,39,0
104511,4,46,0
104511,6,36,0
104511,8,36,1
3718,7,36,0
3801,1,46,0
3801,3,33,0
3801,4,16,0
3801,9,36,0
5701,2,44,0
5703,1,26,1
5703,3,40,0
5703,6,36,1
5703,12,10,0
5704,1,49,0
5704,4,36,0
5704,7,36,0
5704,9,36,1
5721,2,38,0
5721,8,36,1
5721,12,36,0
5722,1,52,0
5722,3,47,1
5722,9,36,0
11660,2,57,1
11660,4,48,1
11660,8,36,0
11708,3,51,0
11708,7,36,1
11708,9,36,0
11873,2,28,1
11873,3,21,1
11873,5,10,0
11873,6,36,1
11873,9,36,0
11873,12,36,0
11878,1,40,1
11878,3,50,0
11878,5,57,0
11878,9,36,0
11886,3,48,0
12179,2,41,1
12179,7,36,0
12179,10,59,0
12300,1,40,1
12300,7,36,0
12300,10,33,0
12300,11,8,0
12309,1,48,0
12309,3,48,0
12309,5,39,1
12309,7,36,0
12312,1,51,0
12312,6,36,0
12312,8,36,0
12312,11,48,1
12328,2,37,1
12328,6,36,1
12328,9,36,0
12328,11,55,0
12365,4,48,0
12365,6,36,0
12365,9,36,1
12369,1,50,1
12369,3,38,1
12369,5,39,1
12369,8,36,1
12372,8,36,1
12372,11,41,1
12375,2,57,1
12375,5,52,1
12375,8,36,0
12375,12,36,0
12392,4,39,0
12392,7,36,0
12392,12,36,0
12394,3,54,0
12394,5,54,1
12394,7,36,0
12394,12,36,0
12435,1,46,0
12435,6,36,0
12435,9,36,1
12464,3,45,0
12464,7,36,0
12464,9,36,0
12478,7,36,0
12478,10,48,0
12478,12,36,0
12480,2,40,0
12480,4,53,0
12480,8,36,0
12480,12,36,1
12482,5,56,1
12482,7,36,0
12482,10,37,1
12482,12,36,0
12488,6,36,0
12488,9,36,0
12491,3,58,1
12496,1,41,1
12496,6,36,0
12496,8,36,0
12496,10,56,0
12511,2,46,0
12511,5,53,0
12511,10,50,0
12528,3,48,1
12528,6,36,0
12528,9,36,0
12528,12,36,0
12539,5,42,0
12539,7,36,0
12539,9,36,0
13808,3,49,0
13808,11,47,0
15066,2,54,0
15066,4,57,0
15066,7,36,0
15066,9,36,1
15068,5,36,0
15068,11,44,0
15071,3,53,1
15071,9,36,0
15078,2,50,1
15078,5,52,1
15078,7,36,0
15078,10,44,0
15121,6,36,0
15121,8,36,0
15121,12,36,0
15152,3,55,0
15152,6,36,0
15160,4,49,0
15160,10,43,0
15175,2,37,1
15175,5,55,0
15175,7,17,0
15175,8,19,1
15175,12,36,0
15176,2,45,1
15176,9,36,0
15176,12,36,0
15202,8,36,0
15202,10,59,0
15202,12,36,1
15216,1,42,1
15317,2,43,0
15317,7,36,0
15317,9,36,0
15326,3,45,1
15326,7,36,0
15326,10,43,0
15326,12,36,1
15327,5,46,0
15327,10,45,0
15338,4,47,0
15338,6,36,0
15338,9,36,1
15338,11,37,0
15341,2,40,0
15341,7,36,1
15341,12,36,0
15348,11,47,0
15360,1,40,0
15360,4,36,0
15360,7,36,1
15360,11,51,0
85192,2,57,1
85192,10,55,0
85194,4,35,1
85194,5,19,0
85194,7,36,0
85195,2,49,0
85204,3,47,0
85204,8,36,1
85204,12,36,0
85348,2,38,0
85348,4,37,1
85348,6,2,0
85348,7,34,1
85348,9,36,1
85352,2,49,0
85352,8,35,0
85352,9,1,1
85352,11,4,0
85352,12,42,0
85375,9,36,0
85375,11,56,0
85434,2,44,1
85434,4,58,0
85434,10,59,0
85436,3,39,0
85436,6,36,0
85436,9,36,0
85436,12,36,1
85583,2,45,0
85583,5,45,0
85583,8,36,0
85583,10,39,0
85586,5,41,0
85591,2,41,0
85591,5,39,0
85591,11,37,0
85592,1,40,0
85592,5,42,0
85592,8,36,0
85592,11,40,0
85635,3,43,1
85635,8,36,0
85635,10,36,0
85635,12,36,0
86424,3,43,0
86439,1,54,1
86439,3,46,0
86480,8,36,0
86480,11,45,0
86481,11,47,0
86498,1,14,1
86498,2,23,0
86498,5,37,0
86498,8,36,0
86514,6,36,1
86514,12,36,0
86517,4,49,0
86517,7,36,0
86517,9,36,0
86517,11,48,1
86530,2,45,1
86530,12,36,1
86617,7,36,0
86617,11,45,0
86661,5,37,1
86661,7,36,0
86661,12,36,1
86751,1,57,0
86751,4,41,0
86751,6,36,0
86897,2,40,0
86897,5,54,0
87088,2,58,0
87088,4,54,0
87088,10,50,0
90758,2,37,0
90758,4,49,0
90758,9,36,0
96463,2,41,0
96463,6,36,1
96463,8,36,0
96463,10,50,0
96621,2,50,0
96623,3,56,0
96623,5,47,0
96623,10,58,0
96804,6,36,0
96804,8,36,0
96968,7,36,1
96968,10,36,1
97098,5,56,0
97098,7,36,0
97098,10,50,0
97153,2,45,1
97153,4,58,0
97153,10,57,0
97186,2,37,0
97186,4,53,0
97186,8,36,0
97552,3,59,0
97552,5,48,1
97552,11,50,0
97854,3,45,1
97854,6,36,0
97854,9,36,0
97854,11,54,0
97856,6,36,0
97856,9,36,1
97856,12,36,1
98080,4,54,1
98080,6,36,1
98080,8,36,1
98080,10,56,1
98120,1,39,1
98120,11,45,1
98211,11,37,0
98255,1,47,0
98255,4,40,1
98255,9,36,0
98255,11,37,0
98612,1,52,1
98612,3,36,0
98612,11,55,1
98614,9,36,0
98614,12,36,0
99704,1,54,0
99704,3,38,1
99704,6,36,0
99739,1,36,0
99739,3,38,0
99739,8,36,0
100035,1,59,0
100035,3,58,1
100035,5,42,1
100036,2,36,0
100036,7,36,0
100036,10,40,0
100036,12,36,1
100311,2,39,1
100311,5,56,1
100311,8,36,1
100311,10,38,0
100332,1,39,0
100332,5,41,0
100332,9,27,0
100332,10,9,0
100666,4,41,0
100666,6,36,0
3643,2,64,0
3643,4,50,0
3643,6,36,0
3798,2,52,0
3798,5,41,0
4778,1,40,0
4778,4,69,0
4778,9,36,0
4799,2,57,0
4799,4,38,0
4799,7,36,0
4799,9,36,0
5001,2,49,0
5001,4,37,0
5001,6,36,0
5001,11,42,0
5930,2,47,0
5930,5,73,0
5930,8,25,0
5930,9,11,0
5948,1,44,0
5948,3,64,0
5948,5,56,0
5974,2,19,0
5974,3,23,0
5974,6,36,0
6015,2,70,0
6015,6,36,0
6015,9,36,0
6015,12,36,0
6018,3,53,0
6018,11,66,0
6027,2,50,1
6027,4,54,1
6027,8,36,0
6027,11,44,0
11593,3,70,0
11593,5,44,0
11593,11,41,0
11788,2,71,0
11788,4,66,1
11788,6,36,0
11881,2,69,0
11881,5,48,0
11881,8,36,0
12115,6,36,0
12115,8,36,0
12115,10,39,0
12115,12,36,0
12178,1,69,0
12178,4,41,0
12178,6,36,0
12221,2,53,0
12221,5,41,0
12221,9,36,0
12311,3,40,0
12311,5,59,0
12311,12,36,0
12320,2,69,0
12320,4,41,0
12320,10,39,0
12364,3,37,0
12364,5,58,0
12364,10,43,1
12364,12,36,0
12376,2,46,1
12376,6,36,0
12376,8,36,0
12376,10,54,0
12400,2,50,0
12400,4,44,0
12400,9,36,0
12400,11,41,0
12417,2,67,0
12417,4,38,0
12417,6,36,0
12417,10,37,0
12426,3,62,0
12426,5,36,0
12426,8,36,0
12426,12,36,0
12438,2,62,0
12438,7,26,0
12438,8,10,0
12438,11,44,0
12443,3,42,1
12443,5,53,0
12443,7,36,0
12443,9,36,1
12469,3,37,0
12469,7,36,0
12469,9,36,0
12469,11,39,0
12475,2,54,0
12475,4,41,0
12475,8,36,0
12475,12,36,0
12477,2,62,0
12477,5,66,0
12477,10,40,0
12483,1,73,0
12483,4,36,0
12483,6,36,0
12556,2,44,1
12556,4,67,0
12556,6,24,0
12556,7,12,0
12556,12,36,1
12588,2,69,0
12588,9,36,0
12588,11,69,0
12595,2,53,0
12595,5,64,0
12595,8,36,0
12601,3,51,0
12601,5,60,0
12601,10,50,0
12663,1,59,0
12663,4,70,0
12663,6,36,0
12697,1,37,0
12697,9,28,0
12697,10,8,0
12726,2,50,0
12726,5,40,0
12726,7,36,0
12726,9,36,0
12925,3,36,0
12925,6,36,0
12925,10,59,0
12925,12,36,0
12926,1,65,0
12926,3,45,0
12926,5,64,0
13429,3,56,0
13429,7,36,0
13429,9,36,0
13429,12,36,0
13504,3,62,0
13504,6,36,0
13504,8,36,1
13519,1,42,0
13519,3,37,0
13519,5,51,0
13519,8,36,0
13533,2,61,0
13533,6,36,0
13533,8,36,0
13533,11,42,0
13564,2,67,0
13564,4,47,0
13564,10,39,0
13599,4,63,0
13599,8,36,0
13599,11,63,0
13613,1,71,0
13613,4,73,0
13613,7,36,0
13665,4,43,0
13665,6,36,0
13665,10,70,0
13678,2,63,0
13678,4,36,0
13678,11,59,0
13691,2,39,0
13691,4,38,0
13691,9,36,0
13701,2,67,0
13701,4,47,0
13701,6,36,0
13802,1,14,0
13802,2,57,0
13802,5,59,0
13802,8,36,0
13816,2,38,0
13816,4,62,0
13816,7,36,0
13816,12,36,0
13822,3,42,0
13822,5,69,0
13822,10,49,0
13825,2,50,0
13825,5,49,0
13825,7,36,1
13825,10,42,1
13831,2,62,0
13831,4,56,0
13831,6,36,0
13832,2,51,0
13832,6,36,0
13832,9,36,0
13832,11,49,0
13833,1,53,1
13833,4,63,0
13833,9,36,1
13837,5,59,0
13837,7,36,0
13837,10,52,0
13862,2,49,0
13862,5,39,0
13862,9,36,0
13862,12,36,0
15016,2,55,0
15016,4,69,0
15016,9,36,0
15037,2,39,0
15037,4,64,0
15037,7,36,0
15037,10,39,0
15055,2,68,1
15055,5,67,0
15055,10,46,1
15091,3,45,0
15091,5,60,0
15091,7,36,0
15091,12,36,0
15097,2,57,0
15097,4,43,0
15097,8,36,0
15097,10,48,0
15105,2,41,0
15105,5,60,1
15105,7,36,0
15105,10,43,0
15177,3,67,0
15177,8,36,0
15177,12,36,0
15196,2,56,0
15196,5,40,0
15196,10,41,0
15209,1,59,0
15209,10,57,1
15233,3,37,0
15233,5,65,0
15233,7,36,0
15233,9,36,0
15307,1,52,0
15307,3,61,0
15307,5,38,0
15353,2,49,0
15353,5,73,1
15353,11,42,0
33717,1,73,0
33717,3,63,1
33717,5,39,0
85431,2,53,0
85431,10,69,0
85431,12,36,0
86204,3,68,0
86204,5,41,0
86204,7,36,0
86204,9,36,0
86215,2,43,0
86215,6,36,0
86215,11,49,0
86217,3,42,0
86217,5,48,0
86217,9,36,0
86217,12,36,0
90628,2,55,0
90628,4,44,0
90628,7,36,0
90628,12,36,0
92433,2,53,0
92433,4,45,0
92433,7,36,0
92433,9,36,0
92553,2,50,1
92553,9,36,0
92553,11,61,0
92948,2,37,0
92948,5,66,0
92948,7,36,0
92948,11,43,0
93112,2,55,0
93112,4,64,0
93112,7,36,0
93607,3,64,0
93607,6,36,0
93607,8,36,0
93607,12,36,0
96751,2,42,0
96751,5,66,0
96751,10,59,0
96806,2,71,1
96806,5,62,0
96806,9,36,0
97203,4,56,0
97203,8,36,0
97203,12,36,0
97211,2,39,0
97211,4,42,0
97211,6,36,0
97211,8,36,0
99090,2,55,0
99090,4,10,0
99090,5,45,1
99090,7,36,1
99090,9,36,1
99383,2,60,0
99383,6,36,0
99383,8,36,0
99383,11,48,0
101421,2,45,1
101421,4,62,1
101421,8,36,0
101421,11,36,0
102443,2,59,0
102443,4,49,0
102443,6,36,0
3426,2,42,0
3426,4,45,0
3426,6,36,0
3426,10,36,0
3431,1,63,0
3431,3,45,1
3431,5,71,0
3433,1,64,0
3433,4,47,0
3433,6,36,0
3433,10,36,0
3465,1,68,0
3465,5,37,0
3465,7,36,0
3465,9,36,0
3468,3,72,0
3468,5,67,0
3468,8,36,0
3470,1,41,0
3470,3,43,0
3470,5,56,0
3470,8,36,0
3481,1,52,0
3481,3,57,0
3481,7,36,0
3487,2,51,0
3487,4,51,0
3487,6,36,0
3487,8,36,0
3491,3,64,0
3491,5,61,0
3491,7,36,0
3492,1,12,0
3492,2,57,0
3492,4,64,0
3492,6,36,0
3493,1,64,0
3493,3,47,0
3493,5,50,0
3512,2,36,0
3512,6,36,0
3541,2,73,0
3541,4,42,0
3541,8,36,0
3546,3,61,0
3546,6,36,0
3546,9,36,1
3546,12,36,0
3603,2,72,0
3603,8,36,1
3603,12,36,0
3626,1,44,0
3626,3,68,0
3626,5,64,0
3627,1,37,0
3627,3,60,0
3627,5,72,0
3768,4,59,0
3768,6,36,0
3768,9,36,0
3768,11,37,0
3791,1,48,0
3791,4,51,0
3791,6,36,0
3791,8,36,0
4905,1,46,0
4905,3,44,0
4905,5,38,1
4905,7,36,0
4921,1,56,0
4921,3,42,0
4921,5,43,1
4921,9,36,1
5012,1,71,0
5012,3,36,0
5012,5,70,0
5017,2,51,0
5017,4,50,0
5017,8,36,1
5017,10,43,0
5916,1,73,0
5916,3,60,0
5916,5,38,0
5946,2,50,1
5946,4,42,0
5946,6,36,0
5946,8,36,1
5952,1,55,0
5952,6,36,0
5952,9,36,0
5967,2,58,1
5967,4,38,0
5967,6,36,0
5967,8,36,1
5981,3,73,0
5981,6,36,0
5981,8,36,0
5981,10,36,0
5985,2,44,1
5985,5,57,0
5985,7,36,0
5985,9,36,0
5989,1,55,0
5989,3,59,0
5989,6,36,0
5995,1,61,0
5995,3,72,0
5995,6,36,0
5997,1,54,0
5997,3,67,0
5997,6,36,0
12015,2,67,0
12015,4,45,0
12015,6,36,0
12015,8,36,0
12119,1,59,0
12119,3,37,0
12119,6,36,0
12119,9,36,0
12120,1,69,0
12120,6,36,0
12120,8,36,0
12147,2,52,0
12147,4,47,0
12147,7,36,0
12147,9,36,1
12173,1,50,0
12173,4,63,0
12173,7,36,0
12195,1,46,0
12195,3,71,0
12195,5,55,0
12200,2,38,0
12200,4,43,0
12200,7,36,0
12200,9,36,0
12258,1,56,0
12258,3,46,1
12258,5,45,1
12258,8,36,0
12307,1,37,0
12307,3,61,1
12307,5,69,0
12313,1,73,0
12313,4,58,0
12313,7,36,0
12319,2,47,0
12319,4,70,0
12319,6,36,0
12330,1,66,0
12330,4,37,0
12330,6,36,0
12330,8,36,0
12332,2,68,1
12332,5,36,0
12332,7,36,0
12332,11,36,0
12355,2,67,0
12355,4,60,0
12355,7,36,0
12363,2,61,0
12363,5,50,0
12363,7,36,0
12363,9,36,0
12370,1,73,0
12370,3,51,0
12370,5,60,0
12411,3,68,0
12411,5,71,0
12411,7,36,0
12423,2,52,0
12423,4,39,0
12423,7,36,0
12423,10,40,0
12424,2,48,0
12424,4,71,0
12424,6,36,0
12432,1,48,0
12432,3,38,0
12432,5,56,0
12432,8,36,0
12448,3,58,0
12448,6,36,0
12448,8,36,0
12448,10,41,0
12472,2,67,0
12472,4,53,0
12472,8,36,0
12535,1,57,1
12535,3,39,0
12535,5,39,0
12535,8,36,1
12618,1,57,0
12618,3,54,0
12618,5,66,0
12655,1,70,0
12655,3,57,0
12655,5,55,0
12824,2,47,0
12824,5,68,0
12824,7,36,0
12827,2,37,0
12827,4,51,0
12827,7,36,0
12827,9,36,0
13416,2,61,0
13416,4,50,0
13416,6,36,0
13416,9,36,0
13420,2,49,0
13420,4,50,0
13420,6,36,0
13420,8,36,0
13421,4,42,0
13421,6,36,0
13421,8,36,0
13421,10,52,0
13423,1,45,0
13423,3,46,0
13423,5,44,0
13423,7,36,0
13424,3,45,0
13424,5,44,0
13424,7,36,0
13424,11,37,0
13440,2,54,0
13440,4,50,0
13440,6,36,0
13440,8,36,0
13451,1,54,0
13451,3,43,0
13451,6,36,0
13451,9,36,0
13461,2,57,0
13461,4,39,0
13461,6,36,0
13461,8,36,0
13465,1,36,0
13465,3,54,0
13465,5,40,0
13465,8,36,0
13472,2,73,0
13472,4,72,0
13472,6,36,0
13477,4,57,0
13477,6,36,1
13477,9,36,1
13477,11,52,0
13479,2,54,0
13479,4,36,0
13479,6,36,0
13479,8,36,0
13482,1,51,0
13482,4,39,0
13482,9,36,0
13482,11,39,0
13495,1,69,0
13495,3,65,0
13495,6,36,0
13497,4,62,0
13497,7,36,0
13497,9,36,0
13497,12,36,0
13503,3,62,0
13503,6,36,0
13503,8,36,0
13508,1,73,0
13508,4,55,0
13508,6,36,0
13511,3,61,0
13511,6,36,0
13511,9,36,0
13511,11,50,0
13512,1,70,0
13512,3,37,1
13512,5,58,0
13513,2,47,0
13513,4,38,0
13513,6,36,0
13513,8,36,0
13526,1,56,0
13526,3,56,0
13526,5,59,0
13527,1,48,0
13527,4,73,0
13527,6,36,0
13537,2,68,0
13537,4,57,0
13537,6,36,0
13545,1,45,0
13545,4,66,0
13545,7,36,0
13545,9,36,0
13602,1,67,0
13602,3,43,0
13602,5,57,0
13609,2,44,0
13609,4,57,0
13609,7,36,0
13609,9,36,0
13617,1,62,0
13617,3,46,0
13617,6,36,0
13618,1,73,0
13618,4,41,0
13618,6,36,0
13621,2,37,0
13621,4,40,0
13621,6,36,0
13621,9,36,0
13639,1,61,0
13639,3,56,0
13639,6,36,0
13642,1,59,0
13642,3,47,0
13642,6,36,0
13642,9,36,0
13650,2,67,0
13650,4,55,0
13650,6,36,0
13662,1,69,0
13662,3,66,0
13662,6,36,0
13663,2,62,0
13663,4,64,0
13663,6,36,0
13668,1,50,0
13668,3,70,0
13668,5,47,0
13669,1,55,0
13669,3,60,0
13669,5,57,0
13672,2,38,0
13672,4,73,0
13672,6,36,0
13672,8,36,0
13827,1,57,0
13827,4,53,0
13827,6,36,0
13827,9,36,0
13834,1,51,0
13834,3,72,0
13834,6,36,0
13859,1,61,0
13859,3,49,0
13859,5,69,0
13870,2,40,0
13870,4,40,0
13870,7,36,0
13870,11,38,0
13889,3,51,0
13889,6,36,0
13889,9,36,1
13889,12,36,0
13895,1,36,1
13895,4,53,0
13895,7,36,0
13895,10,45,0
14135,1,62,0
14135,3,68,1
14135,7,36,0
14196,4,44,0
14196,7,36,1
14196,10,44,0
14196,12,36,0
15054,1,67,0
15054,5,40,0
15054,7,36,0
15054,9,36,0
15074,1,59,0
15074,3,43,0
15074,5,69,0
15145,5,67,1
15145,7,36,0
15145,9,36,0
15145,12,36,0
15153,3,46,0
15153,7,36,0
15153,9,36,0
15153,11,37,0
15181,2,55,0
15181,5,37,0
15181,7,36,0
15181,9,36,0
87874,3,54,0
87874,7,36,0
87874,9,36,1
87874,11,36,1
88282,2,44,0
88282,4,67,0
88282,10,38,1
89549,1,67,0
89549,3,46,1
89549,6,36,0
90429,1,49,0
90429,5,47,0
90429,9,36,0
90503,3,54,0
90503,7,36,1
90503,9,36,0
90538,1,54,0
90538,3,55,1
90538,5,44,1
90711,1,59,0
90711,3,40,0
90711,5,40,0
90711,7,36,0
90740,1,63,0
90740,3,40,0
90740,5,59,0
90748,4,57,0
90748,9,36,0
90748,11,70,0
90751,2,42,0
90751,5,70,0
90751,8,36,0
90751,12,36,0
90769,1,50,0
90769,3,46,0
90769,5,50,1
90778,1,49,0
90778,4,56,0
90778,6,36,0
90778,8,36,0
90826,1,64,0
90826,4,64,0
90826,6,36,0
91078,1,37,0
91078,4,56,0
91078,6,36,0
91078,8,36,0
91157,1,42,0
91157,6,36,0
91157,9,36,0
91277,1,49,0
91277,3,66,0
91277,5,62,0
91286,2,58,0
91286,4,70,0
91286,6,36,0
91320,3,58,0
91320,5,51,0
91320,7,36,0
91320,12,36,0
91569,2,64,0
91569,4,39,0
91569,8,36,0
91569,12,36,0
93063,2,52,0
93063,4,71,0
93063,9,36,0
93576,1,55,0
93576,3,39,0
93576,5,43,0
93576,8,36,0
93982,1,60,0
93982,3,53,0
93982,6,36,0
94036,3,36,0
94036,5,63,0
94036,7,36,0
94036,9,36,0
94157,2,37,0
94157,4,54,0
94157,7,36,0
94157,9,36,0
94191,1,67,0
94191,3,36,1
94191,8,36,1
94206,2,61,0
94206,5,57,0
94206,7,36,0
94207,1,66,0
94207,3,49,0
94207,5,46,0
94208,1,66,0
94208,3,72,0
94208,5,40,0
96502,1,40,0
96502,3,48,0
96502,5,70,1
